timestamp,line_id,bottles_infeed,bottles_filled,bottles_capped,bottles_labeled,packs_completed,conveyor_speed_mpm,buffer_level_pct,machine_state,energy_kwh,rejects
2025-01-01 06:00:00,DAMM_PACK_01,116,124,129,111,24,43.7,39.8,RUN,7.21,0
2025-01-01 06:01:00,DAMM_PACK_01,128,121,106,117,20,41.27,66.4,RUN,6.18,3
2025-01-01 06:02:00,DAMM_PACK_01,107,122,117,107,18,44.15,57.4,RUN,7.25,2
2025-01-01 06:03:00,DAMM_PACK_01,123,122,116,108,19,45.8,62.8,RUN,7.28,1
2025-01-01 06:04:00,DAMM_PACK_01,132,125,129,109,19,44.07,57.7,RUN,7.26,1
2025-01-01 06:05:00,DAMM_PACK_01,109,135,101,116,28,44.39,78.8,RUN,6.04,3
2025-01-01 06:06:00,DAMM_PACK_01,113,119,122,107,28,47.29,61.9,RUN,6.38,4
2025-01-01 06:07:00,DAMM_PACK_01,118,111,113,111,16,45.21,53.8,RUN,6.67,5
2025-01-01 06:08:00,DAMM_PACK_01,124,120,124,118,24,43.31,75.8,RUN,5.54,3
2025-01-01 06:09:00,DAMM_PACK_01,113,103,114,119,22,46.4,59.7,RUN,7.62,2
2025-01-01 06:10:00,DAMM_PACK_01,119,113,123,112,16,45.4,57.4,RUN,6.49,0
2025-01-01 06:11:00,DAMM_PACK_01,109,123,109,121,14,39.96,61.3,RUN,6.7,3
2025-01-01 06:12:00,DAMM_PACK_01,123,124,139,119,16,45.86,53.1,RUN,6.1,3
2025-01-01 06:13:00,DAMM_PACK_01,123,124,126,114,22,45.78,55.2,RUN,5.57,3
2025-01-01 06:14:00,DAMM_PACK_01,113,112,103,108,20,45.04,43.3,RUN,6.08,1
2025-01-01 06:15:00,DAMM_PACK_01,126,116,118,117,23,46.78,40.0,RUN,6.65,2
2025-01-01 06:16:00,DAMM_PACK_01,105,129,113,126,21,43.66,35.0,RUN,6.97,3
2025-01-01 06:17:00,DAMM_PACK_01,112,136,112,121,15,45.67,27.2,RUN,6.61,1
2025-01-01 06:18:00,DAMM_PACK_01,114,112,115,136,20,41.87,37.4,RUN,6.74,4
2025-01-01 06:19:00,DAMM_PACK_01,121,114,117,123,22,45.81,51.5,RUN,6.26,2
2025-01-01 06:20:00,DAMM_PACK_01,123,125,109,106,17,48.91,57.1,RUN,6.85,2
2025-01-01 06:21:00,DAMM_PACK_01,102,114,122,131,22,43.01,49.6,RUN,7.54,2
2025-01-01 06:22:00,DAMM_PACK_01,94,116,114,136,18,43.48,7.9,RUN,6.99,1
2025-01-01 06:23:00,DAMM_PACK_01,116,134,127,116,17,43.58,86.5,RUN,7.07,2
2025-01-01 06:24:00,DAMM_PACK_01,132,105,128,126,16,45.26,76.7,RUN,6.71,1
2025-01-01 06:25:00,DAMM_PACK_01,113,123,114,132,21,42.87,63.9,RUN,5.45,5
2025-01-01 06:26:00,DAMM_PACK_01,106,113,109,138,24,45.84,93.1,RUN,5.77,3
2025-01-01 06:27:00,DAMM_PACK_01,129,115,117,122,21,46.69,35.5,RUN,6.82,1
2025-01-01 06:28:00,DAMM_PACK_01,127,124,115,102,13,46.07,92.8,STOP,6.49,2
2025-01-01 06:29:00,DAMM_PACK_01,129,114,112,103,25,41.46,35.7,RUN,6.81,3
2025-01-01 06:30:00,DAMM_PACK_01,115,124,107,112,24,46.99,59.8,RUN,7.67,3
2025-01-01 06:31:00,DAMM_PACK_01,134,117,107,120,24,46.87,29.5,RUN,7.01,5
2025-01-01 06:32:00,DAMM_PACK_01,114,118,135,116,19,46.66,55.3,RUN,7.38,1
2025-01-01 06:33:00,DAMM_PACK_01,114,114,125,118,18,45.75,62.7,RUN,6.57,0
2025-01-01 06:34:00,DAMM_PACK_01,128,106,102,118,16,45.44,51.9,BLOCKED,5.93,0
2025-01-01 06:35:00,DAMM_PACK_01,136,127,115,111,19,47.06,69.3,STOP,6.46,4
2025-01-01 06:36:00,DAMM_PACK_01,105,111,117,114,23,48.85,57.0,RUN,5.94,0
2025-01-01 06:37:00,DAMM_PACK_01,129,112,113,121,23,43.09,44.6,RUN,7.59,1
2025-01-01 06:38:00,DAMM_PACK_01,129,121,124,121,11,47.16,43.7,RUN,7.05,1
2025-01-01 06:39:00,DAMM_PACK_01,121,146,108,110,22,44.83,71.2,RUN,6.86,2
2025-01-01 06:40:00,DAMM_PACK_01,114,114,106,99,25,44.74,41.9,RUN,7.37,1
2025-01-01 06:41:00,DAMM_PACK_01,137,119,114,122,20,41.93,73.3,RUN,5.09,3
2025-01-01 06:42:00,DAMM_PACK_01,117,120,112,111,19,44.43,79.5,RUN,6.91,4
2025-01-01 06:43:00,DAMM_PACK_01,111,127,123,128,26,43.01,21.6,RUN,5.58,2
2025-01-01 06:44:00,DAMM_PACK_01,113,116,125,107,18,44.07,77.7,RUN,6.49,3
2025-01-01 06:45:00,DAMM_PACK_01,140,110,130,143,15,42.8,96.2,BLOCKED,6.28,2
2025-01-01 06:46:00,DAMM_PACK_01,124,95,124,108,17,44.1,60.0,RUN,6.96,2
2025-01-01 06:47:00,DAMM_PACK_01,131,120,108,131,19,44.19,67.0,BLOCKED,6.66,2
2025-01-01 06:48:00,DAMM_PACK_01,136,120,112,113,21,45.19,75.7,RUN,7.44,2
2025-01-01 06:49:00,DAMM_PACK_01,114,116,108,116,20,41.77,49.5,RUN,6.08,4
2025-01-01 06:50:00,DAMM_PACK_01,111,118,97,127,14,42.11,58.6,RUN,7.0,1
2025-01-01 06:51:00,DAMM_PACK_01,131,122,119,122,15,45.72,28.7,RUN,6.61,1
2025-01-01 06:52:00,DAMM_PACK_01,117,122,114,133,15,43.41,57.8,RUN,5.36,1
2025-01-01 06:53:00,DAMM_PACK_01,105,115,131,117,14,47.15,65.0,STARVED,5.86,5
2025-01-01 06:54:00,DAMM_PACK_01,143,117,117,113,22,45.45,65.3,BLOCKED,6.4,4
2025-01-01 06:55:00,DAMM_PACK_01,121,135,95,96,19,46.21,76.3,RUN,7.28,1
2025-01-01 06:56:00,DAMM_PACK_01,116,119,110,110,20,47.82,39.5,RUN,6.82,2
2025-01-01 06:57:00,DAMM_PACK_01,149,104,105,109,19,44.38,44.3,RUN,5.68,4
2025-01-01 06:58:00,DAMM_PACK_01,120,103,102,121,27,43.85,92.9,RUN,6.4,0
2025-01-01 06:59:00,DAMM_PACK_01,113,111,102,116,20,46.74,52.0,RUN,7.91,3
2025-01-01 07:00:00,DAMM_PACK_01,123,141,134,130,28,46.02,59.0,RUN,6.58,3
2025-01-01 07:01:00,DAMM_PACK_01,96,117,128,121,16,44.63,53.7,RUN,6.27,3
2025-01-01 07:02:00,DAMM_PACK_01,137,117,108,139,18,47.78,38.6,RUN,6.84,4
2025-01-01 07:03:00,DAMM_PACK_01,107,121,105,125,24,44.58,87.5,RUN,7.03,2
2025-01-01 07:04:00,DAMM_PACK_01,126,111,134,137,22,45.07,44.4,RUN,6.18,2
2025-01-01 07:05:00,DAMM_PACK_01,111,127,132,124,16,45.04,32.5,RUN,6.85,1
2025-01-01 07:06:00,DAMM_PACK_01,116,118,110,114,22,43.13,46.0,BLOCKED,6.27,3
2025-01-01 07:07:00,DAMM_PACK_01,124,120,113,125,14,45.16,15.0,RUN,7.0,3
2025-01-01 07:08:00,DAMM_PACK_01,102,130,118,108,15,47.79,42.0,STOP,6.62,2
2025-01-01 07:09:00,DAMM_PACK_01,114,120,123,116,19,45.89,35.6,STOP,6.84,2
2025-01-01 07:10:00,DAMM_PACK_01,126,107,111,110,17,45.06,67.3,BLOCKED,5.97,2
2025-01-01 07:11:00,DAMM_PACK_01,120,131,127,123,18,44.68,41.5,RUN,5.93,5
2025-01-01 07:12:00,DAMM_PACK_01,125,116,122,120,14,45.66,72.8,RUN,7.16,3
2025-01-01 07:13:00,DAMM_PACK_01,126,122,118,123,24,46.5,83.0,STOP,6.44,2
2025-01-01 07:14:00,DAMM_PACK_01,141,124,113,129,17,46.22,70.6,RUN,6.7,3
2025-01-01 07:15:00,DAMM_PACK_01,115,124,89,108,21,44.34,50.7,RUN,6.29,4
2025-01-01 07:16:00,DAMM_PACK_01,139,111,112,115,21,45.65,57.8,BLOCKED,7.13,3
2025-01-01 07:17:00,DAMM_PACK_01,112,129,106,112,22,45.96,24.5,RUN,6.07,1
2025-01-01 07:18:00,DAMM_PACK_01,131,124,141,99,19,42.99,52.3,BLOCKED,6.41,0
2025-01-01 07:19:00,DAMM_PACK_01,121,111,126,106,18,45.34,37.8,RUN,7.05,7
2025-01-01 07:20:00,DAMM_PACK_01,103,126,126,107,25,40.68,68.9,STOP,7.32,2
2025-01-01 07:21:00,DAMM_PACK_01,137,126,121,125,26,45.97,100.0,RUN,6.13,4
2025-01-01 07:22:00,DAMM_PACK_01,115,126,135,107,16,46.32,65.0,RUN,7.87,0
2025-01-01 07:23:00,DAMM_PACK_01,127,123,121,119,13,46.5,15.2,RUN,6.72,1
2025-01-01 07:24:00,DAMM_PACK_01,135,131,97,116,20,44.21,47.8,STARVED,5.77,2
2025-01-01 07:25:00,DAMM_PACK_01,125,100,111,118,26,45.62,57.4,STOP,6.76,1
2025-01-01 07:26:00,DAMM_PACK_01,108,99,112,116,12,47.85,56.7,STOP,6.23,0
2025-01-01 07:27:00,DAMM_PACK_01,123,115,120,127,19,47.83,40.4,RUN,6.8,1
2025-01-01 07:28:00,DAMM_PACK_01,103,113,113,102,17,44.94,59.9,RUN,6.47,1
2025-01-01 07:29:00,DAMM_PACK_01,121,119,106,136,21,45.28,30.1,RUN,6.55,0
2025-01-01 07:30:00,DAMM_PACK_01,125,99,110,112,19,47.22,36.1,STARVED,5.86,2
2025-01-01 07:31:00,DAMM_PACK_01,127,128,120,116,29,42.0,67.9,RUN,7.19,3
2025-01-01 07:32:00,DAMM_PACK_01,114,94,113,137,19,44.35,34.7,RUN,5.69,2
2025-01-01 07:33:00,DAMM_PACK_01,125,115,107,108,17,47.67,65.8,RUN,5.72,8
2025-01-01 07:34:00,DAMM_PACK_01,125,109,127,112,12,46.95,27.6,STOP,6.76,1
2025-01-01 07:35:00,DAMM_PACK_01,103,115,112,115,16,45.74,90.3,STOP,7.62,1
2025-01-01 07:36:00,DAMM_PACK_01,112,112,111,108,20,41.99,39.5,RUN,6.25,5
2025-01-01 07:37:00,DAMM_PACK_01,136,109,120,103,21,44.9,50.5,RUN,6.99,2
2025-01-01 07:38:00,DAMM_PACK_01,130,113,113,118,19,43.82,61.6,RUN,7.25,1
2025-01-01 07:39:00,DAMM_PACK_01,122,118,104,137,19,45.66,43.7,RUN,7.07,2
2025-01-01 07:40:00,DAMM_PACK_01,109,121,102,139,17,43.38,57.9,RUN,6.28,2
2025-01-01 07:41:00,DAMM_PACK_01,113,98,136,102,28,42.95,66.5,STOP,5.74,3
2025-01-01 07:42:00,DAMM_PACK_01,125,109,148,129,11,40.87,74.2,RUN,4.95,3
2025-01-01 07:43:00,DAMM_PACK_01,138,129,125,139,25,47.44,70.8,RUN,6.32,1
2025-01-01 07:44:00,DAMM_PACK_01,118,120,132,91,17,44.2,51.6,RUN,7.32,1
2025-01-01 07:45:00,DAMM_PACK_01,113,105,118,111,18,45.31,52.1,RUN,5.71,4
2025-01-01 07:46:00,DAMM_PACK_01,133,110,111,119,21,45.0,100.0,STARVED,6.99,3
2025-01-01 07:47:00,DAMM_PACK_01,108,111,126,121,14,42.87,74.0,RUN,5.83,2
2025-01-01 07:48:00,DAMM_PACK_01,141,122,120,101,17,42.48,36.6,RUN,6.57,3
2025-01-01 07:49:00,DAMM_PACK_01,122,126,92,109,17,42.99,57.0,RUN,7.0,3
2025-01-01 07:50:00,DAMM_PACK_01,106,93,116,121,14,43.55,48.3,RUN,6.04,1
2025-01-01 07:51:00,DAMM_PACK_01,135,125,115,104,22,45.73,52.3,RUN,6.62,3
2025-01-01 07:52:00,DAMM_PACK_01,126,130,145,108,21,43.41,30.4,RUN,6.21,0
2025-01-01 07:53:00,DAMM_PACK_01,115,109,117,110,12,48.49,46.8,RUN,6.99,1
2025-01-01 07:54:00,DAMM_PACK_01,131,112,134,92,22,47.05,91.2,RUN,6.66,3
2025-01-01 07:55:00,DAMM_PACK_01,120,113,126,123,24,46.62,66.6,RUN,6.54,0
2025-01-01 07:56:00,DAMM_PACK_01,130,130,112,108,22,44.76,5.2,RUN,7.59,2
2025-01-01 07:57:00,DAMM_PACK_01,127,116,130,121,17,48.03,79.3,RUN,6.96,3
2025-01-01 07:58:00,DAMM_PACK_01,136,114,121,127,19,44.56,76.8,RUN,6.02,4
2025-01-01 07:59:00,DAMM_PACK_01,116,100,114,105,18,44.94,47.8,RUN,6.44,1
2025-01-01 08:00:00,DAMM_PACK_01,122,118,114,115,10,45.34,69.3,RUN,6.45,3
2025-01-01 08:01:00,DAMM_PACK_01,119,122,115,120,17,46.4,37.8,RUN,6.56,0
2025-01-01 08:02:00,DAMM_PACK_01,113,125,112,114,22,46.27,45.6,RUN,8.27,1
2025-01-01 08:03:00,DAMM_PACK_01,86,143,106,109,9,44.05,85.0,RUN,6.76,1
2025-01-01 08:04:00,DAMM_PACK_01,132,111,118,125,16,43.93,49.6,RUN,5.07,3
2025-01-01 08:05:00,DAMM_PACK_01,105,128,110,118,14,46.28,17.6,RUN,6.12,2
2025-01-01 08:06:00,DAMM_PACK_01,129,93,116,103,28,46.43,53.7,RUN,5.15,0
2025-01-01 08:07:00,DAMM_PACK_01,124,145,144,106,14,44.21,53.4,RUN,6.27,2
2025-01-01 08:08:00,DAMM_PACK_01,96,116,116,117,17,41.83,79.0,BLOCKED,5.11,2
2025-01-01 08:09:00,DAMM_PACK_01,121,108,118,123,19,44.59,55.3,RUN,5.89,4
2025-01-01 08:10:00,DAMM_PACK_01,120,114,109,100,22,46.25,46.6,BLOCKED,5.44,3
2025-01-01 08:11:00,DAMM_PACK_01,130,127,102,104,16,48.61,75.9,RUN,6.77,5
2025-01-01 08:12:00,DAMM_PACK_01,118,129,122,112,19,42.6,57.4,RUN,6.5,2
2025-01-01 08:13:00,DAMM_PACK_01,132,108,119,102,15,44.15,40.0,RUN,6.71,4
2025-01-01 08:14:00,DAMM_PACK_01,117,117,124,109,14,44.22,78.1,RUN,6.43,3
2025-01-01 08:15:00,DAMM_PACK_01,107,108,125,128,21,47.71,58.9,RUN,5.52,5
2025-01-01 08:16:00,DAMM_PACK_01,121,121,112,126,23,44.93,55.1,RUN,6.86,0
2025-01-01 08:17:00,DAMM_PACK_01,125,104,97,110,15,43.19,58.6,RUN,7.85,1
2025-01-01 08:18:00,DAMM_PACK_01,122,126,102,114,22,46.12,33.6,RUN,6.79,2
2025-01-01 08:19:00,DAMM_PACK_01,117,123,128,107,26,44.19,44.4,RUN,6.2,2
2025-01-01 08:20:00,DAMM_PACK_01,115,125,114,115,22,42.55,55.1,BLOCKED,5.5,1
2025-01-01 08:21:00,DAMM_PACK_01,94,134,130,96,18,43.21,51.1,STOP,5.86,3
2025-01-01 08:22:00,DAMM_PACK_01,133,114,131,106,17,48.47,80.4,RUN,6.82,6
2025-01-01 08:23:00,DAMM_PACK_01,119,102,126,105,17,45.77,59.3,STOP,7.25,5
2025-01-01 08:24:00,DAMM_PACK_01,120,110,106,106,20,45.22,72.1,STARVED,6.68,0
2025-01-01 08:25:00,DAMM_PACK_01,108,113,105,138,9,44.5,55.2,RUN,7.06,2
2025-01-01 08:26:00,DAMM_PACK_01,117,103,118,111,14,45.58,76.1,RUN,7.0,0
2025-01-01 08:27:00,DAMM_PACK_01,124,118,106,92,12,45.56,63.0,RUN,6.85,3
2025-01-01 08:28:00,DAMM_PACK_01,116,119,90,121,16,45.58,55.3,RUN,6.04,1
2025-01-01 08:29:00,DAMM_PACK_01,120,124,119,139,27,45.23,54.7,RUN,6.62,4
2025-01-01 08:30:00,DAMM_PACK_01,125,127,122,122,18,46.74,35.9,RUN,5.91,2
2025-01-01 08:31:00,DAMM_PACK_01,100,103,142,116,19,45.05,65.1,RUN,6.51,3
2025-01-01 08:32:00,DAMM_PACK_01,142,127,137,115,17,43.04,54.2,RUN,6.73,0
2025-01-01 08:33:00,DAMM_PACK_01,116,103,109,110,17,43.78,45.0,STOP,7.68,2
2025-01-01 08:34:00,DAMM_PACK_01,119,127,124,116,23,41.04,77.1,RUN,5.58,2
2025-01-01 08:35:00,DAMM_PACK_01,142,113,111,104,20,49.05,30.0,RUN,6.84,1
2025-01-01 08:36:00,DAMM_PACK_01,109,131,119,123,16,46.73,46.6,STOP,7.54,4
2025-01-01 08:37:00,DAMM_PACK_01,103,134,105,117,15,43.34,75.6,RUN,7.03,1
2025-01-01 08:38:00,DAMM_PACK_01,103,128,126,115,19,44.44,61.3,RUN,7.08,1
2025-01-01 08:39:00,DAMM_PACK_01,100,115,106,116,28,43.73,54.0,BLOCKED,6.91,1
2025-01-01 08:40:00,DAMM_PACK_01,133,97,121,122,21,48.09,60.0,STOP,7.41,3
2025-01-01 08:41:00,DAMM_PACK_01,131,109,117,99,20,42.16,58.6,RUN,5.74,2
2025-01-01 08:42:00,DAMM_PACK_01,105,126,112,101,16,45.23,24.7,RUN,5.53,0
2025-01-01 08:43:00,DAMM_PACK_01,124,141,106,117,16,44.78,48.0,BLOCKED,6.5,6
2025-01-01 08:44:00,DAMM_PACK_01,128,147,106,119,9,46.65,87.3,RUN,4.99,2
2025-01-01 08:45:00,DAMM_PACK_01,113,114,115,114,22,44.79,41.8,RUN,7.36,1
2025-01-01 08:46:00,DAMM_PACK_01,128,107,115,122,18,41.48,48.6,RUN,7.35,1
2025-01-01 08:47:00,DAMM_PACK_01,116,122,119,109,17,44.5,44.2,RUN,6.2,4
2025-01-01 08:48:00,DAMM_PACK_01,115,120,137,121,18,43.06,53.3,RUN,6.24,4
2025-01-01 08:49:00,DAMM_PACK_01,133,129,117,127,28,45.16,43.3,RUN,6.45,2
2025-01-01 08:50:00,DAMM_PACK_01,128,114,125,109,19,47.87,64.7,BLOCKED,6.54,5
2025-01-01 08:51:00,DAMM_PACK_01,104,110,116,104,19,41.52,58.9,RUN,6.59,1
2025-01-01 08:52:00,DAMM_PACK_01,120,136,136,122,16,43.4,70.5,RUN,6.89,0
2025-01-01 08:53:00,DAMM_PACK_01,114,117,119,95,20,43.89,34.0,RUN,6.38,4
2025-01-01 08:54:00,DAMM_PACK_01,116,125,116,118,16,44.24,48.2,BLOCKED,7.16,7
2025-01-01 08:55:00,DAMM_PACK_01,137,105,121,112,17,46.48,50.5,RUN,6.81,3
2025-01-01 08:56:00,DAMM_PACK_01,114,122,116,104,31,44.65,64.1,RUN,6.08,2
2025-01-01 08:57:00,DAMM_PACK_01,145,119,98,114,18,45.83,39.1,STARVED,7.43,1
2025-01-01 08:58:00,DAMM_PACK_01,124,118,129,108,18,43.75,73.3,RUN,5.55,2
2025-01-01 08:59:00,DAMM_PACK_01,113,99,106,115,15,45.46,78.7,RUN,6.44,1
2025-01-01 09:00:00,DAMM_PACK_01,126,129,126,110,19,46.56,35.2,STOP,7.18,1
2025-01-01 09:01:00,DAMM_PACK_01,130,119,119,98,23,43.54,45.2,BLOCKED,5.99,3
2025-01-01 09:02:00,DAMM_PACK_01,102,92,87,105,22,46.56,44.4,RUN,6.72,3
2025-01-01 09:03:00,DAMM_PACK_01,97,116,129,112,17,45.1,100.0,STOP,6.88,6
2025-01-01 09:04:00,DAMM_PACK_01,118,131,91,115,17,47.09,46.4,RUN,5.9,3
2025-01-01 09:05:00,DAMM_PACK_01,115,146,130,100,16,44.6,88.6,RUN,6.45,1
2025-01-01 09:06:00,DAMM_PACK_01,106,120,114,121,19,45.76,29.7,STARVED,6.39,4
2025-01-01 09:07:00,DAMM_PACK_01,124,116,115,109,15,44.92,35.2,BLOCKED,6.11,3
2025-01-01 09:08:00,DAMM_PACK_01,102,98,119,105,14,44.81,41.3,RUN,8.11,2
2025-01-01 09:09:00,DAMM_PACK_01,100,127,111,106,23,45.52,38.1,RUN,5.97,7
2025-01-01 09:10:00,DAMM_PACK_01,127,117,113,109,22,46.07,49.6,RUN,7.2,1
2025-01-01 09:11:00,DAMM_PACK_01,116,109,120,120,24,42.5,40.8,RUN,6.23,0
2025-01-01 09:12:00,DAMM_PACK_01,116,123,110,102,14,47.87,38.6,RUN,5.74,1
2025-01-01 09:13:00,DAMM_PACK_01,129,120,116,111,19,41.28,78.2,RUN,6.57,2
2025-01-01 09:14:00,DAMM_PACK_01,118,118,126,118,22,43.63,79.5,RUN,6.95,5
2025-01-01 09:15:00,DAMM_PACK_01,104,138,111,121,21,44.81,74.0,RUN,7.14,1
2025-01-01 09:16:00,DAMM_PACK_01,97,122,94,117,16,45.82,65.5,RUN,7.59,2
2025-01-01 09:17:00,DAMM_PACK_01,105,112,135,108,24,48.15,56.9,STOP,8.56,1
2025-01-01 09:18:00,DAMM_PACK_01,128,126,118,119,16,41.28,45.1,RUN,6.68,2
2025-01-01 09:19:00,DAMM_PACK_01,149,116,112,107,23,43.98,35.9,RUN,6.04,1
2025-01-01 09:20:00,DAMM_PACK_01,113,117,119,115,17,40.75,62.3,STOP,6.82,0
2025-01-01 09:21:00,DAMM_PACK_01,100,103,100,134,19,45.06,31.5,RUN,6.31,1
2025-01-01 09:22:00,DAMM_PACK_01,124,115,146,112,15,45.54,35.1,RUN,7.15,4
2025-01-01 09:23:00,DAMM_PACK_01,118,127,120,128,15,48.18,78.1,RUN,5.59,0
2025-01-01 09:24:00,DAMM_PACK_01,123,115,119,120,27,45.24,93.0,RUN,8.16,2
2025-01-01 09:25:00,DAMM_PACK_01,94,136,119,127,25,47.09,62.9,RUN,7.1,3
2025-01-01 09:26:00,DAMM_PACK_01,119,120,114,130,21,46.17,77.1,RUN,5.32,1
2025-01-01 09:27:00,DAMM_PACK_01,113,128,122,113,23,44.13,50.1,RUN,6.0,2
2025-01-01 09:28:00,DAMM_PACK_01,119,120,121,121,14,42.18,28.2,RUN,7.07,3
2025-01-01 09:29:00,DAMM_PACK_01,123,123,111,130,23,45.55,67.2,RUN,7.32,4
2025-01-01 09:30:00,DAMM_PACK_01,126,102,134,111,18,42.02,66.4,RUN,5.61,3
2025-01-01 09:31:00,DAMM_PACK_01,114,108,123,114,17,47.59,56.4,STARVED,7.0,5
2025-01-01 09:32:00,DAMM_PACK_01,126,88,106,113,19,44.68,50.2,RUN,5.14,1
2025-01-01 09:33:00,DAMM_PACK_01,138,132,116,113,12,47.39,74.2,RUN,6.44,2
2025-01-01 09:34:00,DAMM_PACK_01,124,142,121,119,19,44.04,35.3,RUN,7.28,2
2025-01-01 09:35:00,DAMM_PACK_01,141,116,111,100,16,45.54,39.5,RUN,6.11,2
2025-01-01 09:36:00,DAMM_PACK_01,94,118,107,111,19,45.42,34.8,STOP,5.45,3
2025-01-01 09:37:00,DAMM_PACK_01,116,111,107,129,27,44.91,56.7,RUN,6.6,2
2025-01-01 09:38:00,DAMM_PACK_01,123,134,115,106,18,44.13,33.2,STARVED,6.08,2
2025-01-01 09:39:00,DAMM_PACK_01,132,128,115,117,23,45.78,41.3,RUN,6.94,5
2025-01-01 09:40:00,DAMM_PACK_01,117,118,132,102,13,43.15,40.9,STARVED,5.88,2
2025-01-01 09:41:00,DAMM_PACK_01,133,121,118,118,20,42.58,49.8,RUN,5.96,2
2025-01-01 09:42:00,DAMM_PACK_01,118,112,113,113,22,47.49,25.3,RUN,5.09,3
2025-01-01 09:43:00,DAMM_PACK_01,146,108,123,119,13,46.45,56.7,RUN,6.62,1
2025-01-01 09:44:00,DAMM_PACK_01,111,118,138,119,15,45.13,79.9,RUN,6.39,3
2025-01-01 09:45:00,DAMM_PACK_01,124,129,112,109,29,48.33,57.7,RUN,5.67,1
2025-01-01 09:46:00,DAMM_PACK_01,104,113,107,126,20,44.46,85.8,RUN,6.64,2
2025-01-01 09:47:00,DAMM_PACK_01,121,127,125,112,17,47.65,81.7,RUN,7.22,2
2025-01-01 09:48:00,DAMM_PACK_01,121,105,113,118,21,45.35,70.6,BLOCKED,6.35,2
2025-01-01 09:49:00,DAMM_PACK_01,122,119,121,111,21,42.95,56.5,RUN,6.69,2
2025-01-01 09:50:00,DAMM_PACK_01,135,116,127,119,19,48.7,55.5,RUN,6.69,5
2025-01-01 09:51:00,DAMM_PACK_01,106,104,131,120,19,46.98,70.3,STARVED,5.66,3
2025-01-01 09:52:00,DAMM_PACK_01,129,119,141,98,23,44.76,47.2,STOP,7.94,0
2025-01-01 09:53:00,DAMM_PACK_01,127,112,111,107,18,46.45,17.3,RUN,6.17,1
2025-01-01 09:54:00,DAMM_PACK_01,106,109,114,128,13,44.19,64.8,RUN,6.96,1
2025-01-01 09:55:00,DAMM_PACK_01,115,109,115,126,25,46.66,32.4,RUN,7.04,0
2025-01-01 09:56:00,DAMM_PACK_01,116,126,108,113,22,40.22,35.8,RUN,6.4,2
2025-01-01 09:57:00,DAMM_PACK_01,137,115,110,105,16,42.96,55.0,RUN,6.92,4
2025-01-01 09:58:00,DAMM_PACK_01,120,112,105,104,13,46.96,53.1,STOP,6.67,3
2025-01-01 09:59:00,DAMM_PACK_01,117,129,114,125,24,44.5,26.8,RUN,5.51,0
2025-01-01 10:00:00,DAMM_PACK_01,107,114,120,128,20,45.42,58.3,RUN,6.27,1
2025-01-01 10:01:00,DAMM_PACK_01,120,126,104,139,10,42.31,74.3,BLOCKED,6.07,3
2025-01-01 10:02:00,DAMM_PACK_01,119,121,122,121,25,48.7,32.4,RUN,6.18,3
2025-01-01 10:03:00,DAMM_PACK_01,120,99,123,120,11,47.38,80.4,RUN,5.59,2
2025-01-01 10:04:00,DAMM_PACK_01,124,125,117,105,17,44.6,23.8,RUN,7.29,1
2025-01-01 10:05:00,DAMM_PACK_01,100,128,123,117,24,44.19,97.3,RUN,7.62,1
2025-01-01 10:06:00,DAMM_PACK_01,105,143,117,124,27,47.06,46.8,RUN,7.18,0
2025-01-01 10:07:00,DAMM_PACK_01,106,110,124,101,22,48.96,57.9,RUN,7.39,3
2025-01-01 10:08:00,DAMM_PACK_01,109,111,127,116,18,46.91,17.2,STOP,6.26,2
2025-01-01 10:09:00,DAMM_PACK_01,136,127,116,134,26,49.34,53.8,RUN,6.05,2
2025-01-01 10:10:00,DAMM_PACK_01,125,118,113,127,16,43.16,59.6,RUN,5.95,3
2025-01-01 10:11:00,DAMM_PACK_01,109,114,123,112,16,43.36,53.3,RUN,6.95,1
2025-01-01 10:12:00,DAMM_PACK_01,108,130,131,103,20,42.62,43.7,RUN,6.66,1
2025-01-01 10:13:00,DAMM_PACK_01,108,125,97,118,10,45.88,36.1,RUN,6.45,3
2025-01-01 10:14:00,DAMM_PACK_01,105,137,114,134,22,45.35,77.6,RUN,7.41,3
2025-01-01 10:15:00,DAMM_PACK_01,110,126,107,121,18,44.7,55.6,RUN,6.78,3
2025-01-01 10:16:00,DAMM_PACK_01,120,110,119,117,17,46.62,85.8,RUN,5.91,1
2025-01-01 10:17:00,DAMM_PACK_01,124,107,110,113,10,47.46,44.5,RUN,6.02,0
2025-01-01 10:18:00,DAMM_PACK_01,134,113,130,117,25,41.95,46.3,RUN,6.98,3
2025-01-01 10:19:00,DAMM_PACK_01,98,131,106,105,14,43.81,71.3,RUN,7.23,2
2025-01-01 10:20:00,DAMM_PACK_01,131,125,110,123,22,46.64,22.5,RUN,6.89,2
2025-01-01 10:21:00,DAMM_PACK_01,109,142,116,106,23,44.06,30.7,RUN,7.83,3
2025-01-01 10:22:00,DAMM_PACK_01,116,114,105,121,22,43.4,76.9,RUN,7.64,2
2025-01-01 10:23:00,DAMM_PACK_01,124,128,139,118,22,47.04,31.6,STOP,6.81,6
2025-01-01 10:24:00,DAMM_PACK_01,119,114,106,110,24,42.42,18.6,RUN,5.91,1
2025-01-01 10:25:00,DAMM_PACK_01,90,130,116,105,14,44.4,92.4,RUN,5.58,3
2025-01-01 10:26:00,DAMM_PACK_01,127,116,100,111,26,45.66,27.1,RUN,6.23,3
2025-01-01 10:27:00,DAMM_PACK_01,120,125,110,110,24,43.85,58.7,RUN,7.03,1
2025-01-01 10:28:00,DAMM_PACK_01,104,119,89,133,14,46.57,56.4,RUN,7.78,1
2025-01-01 10:29:00,DAMM_PACK_01,121,94,126,107,17,43.86,0.0,RUN,6.79,1
2025-01-01 10:30:00,DAMM_PACK_01,112,125,116,110,12,47.82,49.7,RUN,7.32,1
2025-01-01 10:31:00,DAMM_PACK_01,110,107,115,129,18,44.75,64.0,RUN,6.33,3
2025-01-01 10:32:00,DAMM_PACK_01,105,120,127,103,13,46.34,62.1,RUN,6.94,2
2025-01-01 10:33:00,DAMM_PACK_01,123,104,115,116,16,46.49,73.1,STOP,7.08,2
2025-01-01 10:34:00,DAMM_PACK_01,130,105,116,131,20,43.74,47.3,RUN,5.11,0
2025-01-01 10:35:00,DAMM_PACK_01,102,111,132,132,19,40.89,69.3,RUN,6.21,1
2025-01-01 10:36:00,DAMM_PACK_01,123,124,112,116,24,45.72,41.2,BLOCKED,7.16,5
2025-01-01 10:37:00,DAMM_PACK_01,118,110,117,121,15,45.14,26.8,STOP,6.69,0
2025-01-01 10:38:00,DAMM_PACK_01,113,120,110,110,16,46.11,29.0,RUN,5.66,2
2025-01-01 10:39:00,DAMM_PACK_01,125,135,104,93,19,44.55,25.8,RUN,4.8,5
2025-01-01 10:40:00,DAMM_PACK_01,123,124,110,114,28,44.14,75.2,RUN,6.24,1
2025-01-01 10:41:00,DAMM_PACK_01,103,119,94,114,16,49.02,24.7,STARVED,6.45,1
2025-01-01 10:42:00,DAMM_PACK_01,111,112,99,104,17,42.06,60.5,RUN,5.88,2
2025-01-01 10:43:00,DAMM_PACK_01,109,122,115,116,19,46.47,49.7,STOP,6.6,1
2025-01-01 10:44:00,DAMM_PACK_01,101,126,109,110,19,43.85,52.9,RUN,6.85,0
2025-01-01 10:45:00,DAMM_PACK_01,117,97,99,96,17,44.33,82.3,RUN,6.97,3
2025-01-01 10:46:00,DAMM_PACK_01,104,111,112,96,14,44.37,46.2,BLOCKED,4.85,0
2025-01-01 10:47:00,DAMM_PACK_01,131,124,134,124,22,43.39,67.2,RUN,5.58,1
2025-01-01 10:48:00,DAMM_PACK_01,108,95,100,123,21,46.14,55.8,RUN,6.29,2
2025-01-01 10:49:00,DAMM_PACK_01,140,141,145,115,20,47.78,52.0,RUN,6.9,2
2025-01-01 10:50:00,DAMM_PACK_01,122,123,115,125,19,45.94,100.0,RUN,6.84,0
2025-01-01 10:51:00,DAMM_PACK_01,129,107,110,111,19,45.21,26.2,RUN,6.83,3
2025-01-01 10:52:00,DAMM_PACK_01,114,126,118,120,22,43.03,80.8,RUN,6.23,2
2025-01-01 10:53:00,DAMM_PACK_01,120,111,130,130,22,46.03,68.1,RUN,6.27,0
2025-01-01 10:54:00,DAMM_PACK_01,105,116,120,125,29,49.31,45.4,RUN,5.99,3
2025-01-01 10:55:00,DAMM_PACK_01,113,97,118,131,18,44.24,87.6,RUN,7.04,3
2025-01-01 10:56:00,DAMM_PACK_01,107,103,120,116,19,44.25,18.0,BLOCKED,5.86,2
2025-01-01 10:57:00,DAMM_PACK_01,121,126,126,96,29,43.88,44.6,RUN,7.1,4
2025-01-01 10:58:00,DAMM_PACK_01,115,115,113,137,17,44.02,30.8,RUN,6.65,1
2025-01-01 10:59:00,DAMM_PACK_01,114,115,115,120,25,39.51,63.2,RUN,6.47,2
2025-01-01 11:00:00,DAMM_PACK_01,112,108,116,99,17,45.81,32.7,RUN,6.04,3
2025-01-01 11:01:00,DAMM_PACK_01,129,110,119,124,18,43.31,63.7,BLOCKED,5.55,2
2025-01-01 11:02:00,DAMM_PACK_01,119,121,128,110,19,41.78,51.3,RUN,6.05,4
2025-01-01 11:03:00,DAMM_PACK_01,115,99,108,108,18,46.51,45.4,RUN,6.27,1
2025-01-01 11:04:00,DAMM_PACK_01,105,111,109,137,17,42.84,62.8,RUN,4.84,1
2025-01-01 11:05:00,DAMM_PACK_01,142,121,122,113,14,44.32,49.6,STOP,6.36,5
2025-01-01 11:06:00,DAMM_PACK_01,99,123,115,111,19,47.93,33.2,STARVED,7.15,3
2025-01-01 11:07:00,DAMM_PACK_01,122,110,119,121,25,42.18,100.0,BLOCKED,6.9,2
2025-01-01 11:08:00,DAMM_PACK_01,106,125,103,91,27,41.93,45.3,RUN,6.15,5
2025-01-01 11:09:00,DAMM_PACK_01,109,112,131,118,19,45.54,10.6,BLOCKED,6.53,4
2025-01-01 11:10:00,DAMM_PACK_01,108,121,124,117,12,47.3,38.2,RUN,6.11,4
2025-01-01 11:11:00,DAMM_PACK_01,125,141,100,107,14,41.85,29.7,RUN,6.6,5
2025-01-01 11:12:00,DAMM_PACK_01,115,108,114,107,26,45.82,71.5,RUN,7.58,3
2025-01-01 11:13:00,DAMM_PACK_01,116,125,144,114,22,46.16,61.4,RUN,7.18,3
2025-01-01 11:14:00,DAMM_PACK_01,118,115,112,118,21,40.88,63.0,RUN,6.86,1
2025-01-01 11:15:00,DAMM_PACK_01,119,121,111,133,21,46.6,47.6,STOP,6.15,5
2025-01-01 11:16:00,DAMM_PACK_01,128,116,123,99,25,46.75,49.4,RUN,7.02,8
2025-01-01 11:17:00,DAMM_PACK_01,111,115,125,137,20,44.38,47.6,RUN,5.32,0
2025-01-01 11:18:00,DAMM_PACK_01,116,107,92,117,27,47.5,53.4,RUN,6.32,2
2025-01-01 11:19:00,DAMM_PACK_01,137,101,112,98,15,47.27,71.7,RUN,6.91,0
2025-01-01 11:20:00,DAMM_PACK_01,105,136,117,134,23,45.21,61.7,RUN,7.02,0
2025-01-01 11:21:00,DAMM_PACK_01,124,110,106,121,15,44.1,65.0,STOP,6.97,2
2025-01-01 11:22:00,DAMM_PACK_01,106,125,115,119,23,43.05,65.0,RUN,6.71,0
2025-01-01 11:23:00,DAMM_PACK_01,124,121,123,124,26,44.92,72.7,RUN,6.36,2
2025-01-01 11:24:00,DAMM_PACK_01,136,122,120,115,19,46.14,60.8,RUN,6.88,2
2025-01-01 11:25:00,DAMM_PACK_01,107,125,123,104,18,44.35,62.2,STOP,5.83,3
2025-01-01 11:26:00,DAMM_PACK_01,111,126,120,110,19,40.6,78.8,RUN,5.91,1
2025-01-01 11:27:00,DAMM_PACK_01,115,109,107,104,16,47.54,41.7,RUN,6.54,1
2025-01-01 11:28:00,DAMM_PACK_01,104,110,116,102,20,45.38,37.9,RUN,6.62,0
2025-01-01 11:29:00,DAMM_PACK_01,105,96,97,107,14,44.24,31.3,RUN,5.22,4
2025-01-01 11:30:00,DAMM_PACK_01,130,126,112,108,21,46.71,58.7,STOP,6.82,1
2025-01-01 11:31:00,DAMM_PACK_01,111,124,118,132,19,48.05,17.9,RUN,7.04,1
2025-01-01 11:32:00,DAMM_PACK_01,127,129,110,120,27,39.4,64.2,RUN,6.45,2
2025-01-01 11:33:00,DAMM_PACK_01,126,139,107,113,21,45.87,52.8,STOP,8.16,0
2025-01-01 11:34:00,DAMM_PACK_01,112,107,124,121,15,42.15,77.7,RUN,6.02,2
2025-01-01 11:35:00,DAMM_PACK_01,109,126,113,109,20,46.0,41.6,RUN,6.25,2
2025-01-01 11:36:00,DAMM_PACK_01,123,119,127,100,21,45.26,50.9,RUN,6.22,2
2025-01-01 11:37:00,DAMM_PACK_01,119,114,97,116,22,46.27,77.4,RUN,6.45,0
2025-01-01 11:38:00,DAMM_PACK_01,107,121,109,108,23,44.0,82.7,RUN,6.27,4
2025-01-01 11:39:00,DAMM_PACK_01,120,110,126,111,15,41.25,41.4,RUN,5.52,5
2025-01-01 11:40:00,DAMM_PACK_01,141,134,130,111,17,44.1,58.6,STOP,6.12,2
2025-01-01 11:41:00,DAMM_PACK_01,126,128,123,132,24,45.81,60.9,RUN,6.43,1
2025-01-01 11:42:00,DAMM_PACK_01,127,122,95,115,20,47.03,62.5,RUN,7.36,1
2025-01-01 11:43:00,DAMM_PACK_01,122,125,111,131,15,42.66,49.7,RUN,8.04,2
2025-01-01 11:44:00,DAMM_PACK_01,118,116,126,139,22,47.05,80.6,RUN,7.43,1
2025-01-01 11:45:00,DAMM_PACK_01,118,139,128,111,16,43.7,17.2,RUN,5.96,2
2025-01-01 11:46:00,DAMM_PACK_01,134,130,115,117,17,45.72,46.6,RUN,6.01,3
2025-01-01 11:47:00,DAMM_PACK_01,123,116,108,114,16,43.98,64.0,RUN,6.39,2
2025-01-01 11:48:00,DAMM_PACK_01,97,111,120,123,22,45.36,64.1,RUN,7.75,2
2025-01-01 11:49:00,DAMM_PACK_01,131,95,104,137,12,46.78,82.1,RUN,6.38,1
2025-01-01 11:50:00,DAMM_PACK_01,115,138,119,107,12,42.55,79.0,RUN,5.57,5
2025-01-01 11:51:00,DAMM_PACK_01,121,127,116,87,12,43.64,49.3,RUN,6.15,0
2025-01-01 11:52:00,DAMM_PACK_01,115,123,119,101,25,45.37,81.0,RUN,7.03,3
2025-01-01 11:53:00,DAMM_PACK_01,128,105,119,123,19,49.8,40.7,RUN,6.98,0
2025-01-01 11:54:00,DAMM_PACK_01,110,98,118,108,20,43.27,73.6,RUN,6.36,2
2025-01-01 11:55:00,DAMM_PACK_01,106,123,108,107,21,49.08,91.2,RUN,6.98,3
2025-01-01 11:56:00,DAMM_PACK_01,120,129,111,100,8,49.01,79.3,STOP,4.91,2
2025-01-01 11:57:00,DAMM_PACK_01,138,102,117,107,13,44.81,57.1,RUN,6.57,2
2025-01-01 11:58:00,DAMM_PACK_01,122,112,109,108,20,44.4,48.4,STOP,7.1,2
2025-01-01 11:59:00,DAMM_PACK_01,107,118,131,133,27,43.62,24.4,RUN,5.92,3
2025-01-01 12:00:00,DAMM_PACK_01,120,113,101,111,21,44.86,61.2,RUN,5.91,2
2025-01-01 12:01:00,DAMM_PACK_01,99,130,128,113,23,42.19,32.7,RUN,5.19,0
2025-01-01 12:02:00,DAMM_PACK_01,110,112,102,114,24,44.85,39.1,RUN,7.61,1
2025-01-01 12:03:00,DAMM_PACK_01,110,143,129,139,25,47.99,31.2,RUN,6.0,4
2025-01-01 12:04:00,DAMM_PACK_01,122,113,122,118,16,43.78,45.8,RUN,6.67,2
2025-01-01 12:05:00,DAMM_PACK_01,129,140,118,106,23,44.52,54.4,STOP,6.92,2
2025-01-01 12:06:00,DAMM_PACK_01,121,102,121,106,15,41.6,60.5,RUN,7.56,1
2025-01-01 12:07:00,DAMM_PACK_01,117,120,115,104,20,45.75,43.0,RUN,6.39,1
2025-01-01 12:08:00,DAMM_PACK_01,107,107,118,119,19,45.53,76.4,RUN,6.12,2
2025-01-01 12:09:00,DAMM_PACK_01,116,124,123,112,26,45.13,50.8,BLOCKED,6.62,1
2025-01-01 12:10:00,DAMM_PACK_01,125,131,105,118,18,44.57,39.2,STOP,7.4,1
2025-01-01 12:11:00,DAMM_PACK_01,127,116,104,95,19,44.41,59.5,RUN,6.38,3
2025-01-01 12:12:00,DAMM_PACK_01,111,106,118,127,19,46.0,94.3,RUN,5.83,3
2025-01-01 12:13:00,DAMM_PACK_01,130,107,101,128,19,44.94,61.7,RUN,5.42,1
2025-01-01 12:14:00,DAMM_PACK_01,125,109,131,101,14,45.63,47.7,RUN,5.65,3
2025-01-01 12:15:00,DAMM_PACK_01,103,106,121,110,23,45.43,24.5,RUN,7.11,3
2025-01-01 12:16:00,DAMM_PACK_01,127,125,102,126,21,47.25,50.6,RUN,6.28,2
2025-01-01 12:17:00,DAMM_PACK_01,132,118,109,116,21,46.35,59.7,RUN,6.07,1
2025-01-01 12:18:00,DAMM_PACK_01,125,100,109,113,17,45.39,47.2,RUN,6.0,3
2025-01-01 12:19:00,DAMM_PACK_01,113,106,139,102,21,48.04,21.7,RUN,6.56,2
2025-01-01 12:20:00,DAMM_PACK_01,110,109,129,93,14,45.84,38.0,RUN,6.33,2
2025-01-01 12:21:00,DAMM_PACK_01,109,102,102,105,21,47.61,84.1,STOP,6.31,2
2025-01-01 12:22:00,DAMM_PACK_01,117,119,110,111,22,46.21,83.7,RUN,7.44,3
2025-01-01 12:23:00,DAMM_PACK_01,131,109,109,128,15,41.32,37.3,RUN,7.58,1
2025-01-01 12:24:00,DAMM_PACK_01,112,114,137,117,19,47.61,68.5,RUN,5.37,3
2025-01-01 12:25:00,DAMM_PACK_01,123,122,123,121,16,45.27,31.4,RUN,6.73,1
2025-01-01 12:26:00,DAMM_PACK_01,124,115,155,121,14,44.9,83.1,RUN,5.96,5
2025-01-01 12:27:00,DAMM_PACK_01,122,119,128,93,23,45.56,59.9,RUN,6.33,2
2025-01-01 12:28:00,DAMM_PACK_01,129,125,122,117,13,44.31,74.0,RUN,6.72,1
2025-01-01 12:29:00,DAMM_PACK_01,134,118,135,100,21,45.45,20.7,STOP,6.35,2
2025-01-01 12:30:00,DAMM_PACK_01,136,132,89,106,19,43.82,68.6,RUN,6.66,2
2025-01-01 12:31:00,DAMM_PACK_01,118,119,129,110,21,47.55,54.8,RUN,6.97,1
2025-01-01 12:32:00,DAMM_PACK_01,112,121,116,103,31,44.77,72.0,RUN,6.71,0
2025-01-01 12:33:00,DAMM_PACK_01,124,113,115,126,22,44.23,73.3,RUN,6.05,2
2025-01-01 12:34:00,DAMM_PACK_01,106,124,137,116,15,43.15,56.3,RUN,6.06,3
2025-01-01 12:35:00,DAMM_PACK_01,108,115,111,123,19,45.54,43.0,RUN,5.49,1
2025-01-01 12:36:00,DAMM_PACK_01,105,108,112,108,24,45.37,70.6,RUN,5.9,2
2025-01-01 12:37:00,DAMM_PACK_01,112,115,112,118,23,45.78,53.8,RUN,7.87,4
2025-01-01 12:38:00,DAMM_PACK_01,125,128,122,108,23,42.95,37.5,BLOCKED,5.95,2
2025-01-01 12:39:00,DAMM_PACK_01,110,117,109,102,24,41.8,36.6,RUN,5.66,2
2025-01-01 12:40:00,DAMM_PACK_01,135,122,102,113,20,46.25,25.5,STOP,6.72,2
2025-01-01 12:41:00,DAMM_PACK_01,123,110,115,131,19,47.97,44.8,RUN,6.42,2
2025-01-01 12:42:00,DAMM_PACK_01,117,125,98,117,14,42.95,77.1,RUN,6.36,3
2025-01-01 12:43:00,DAMM_PACK_01,121,130,128,122,22,48.18,58.6,RUN,7.49,2
2025-01-01 12:44:00,DAMM_PACK_01,108,131,114,101,27,45.57,44.4,RUN,6.88,1
2025-01-01 12:45:00,DAMM_PACK_01,101,113,132,121,20,44.99,71.1,RUN,6.13,2
2025-01-01 12:46:00,DAMM_PACK_01,111,116,119,105,25,44.2,38.4,RUN,6.2,2
2025-01-01 12:47:00,DAMM_PACK_01,113,131,101,138,21,42.23,56.9,RUN,6.15,1
2025-01-01 12:48:00,DAMM_PACK_01,127,117,128,125,24,46.98,51.4,RUN,7.11,2
2025-01-01 12:49:00,DAMM_PACK_01,122,114,115,127,19,43.45,70.6,RUN,6.28,0
2025-01-01 12:50:00,DAMM_PACK_01,125,135,118,119,16,43.44,23.5,BLOCKED,5.24,4
2025-01-01 12:51:00,DAMM_PACK_01,128,114,126,108,17,46.98,38.0,RUN,6.47,3
2025-01-01 12:52:00,DAMM_PACK_01,123,150,106,116,27,41.23,22.2,RUN,5.42,2
2025-01-01 12:53:00,DAMM_PACK_01,120,123,106,111,21,41.95,49.8,RUN,8.03,5
2025-01-01 12:54:00,DAMM_PACK_01,115,114,120,112,17,44.96,79.2,STARVED,5.82,4
2025-01-01 12:55:00,DAMM_PACK_01,104,120,119,132,18,45.59,44.9,RUN,6.39,2
2025-01-01 12:56:00,DAMM_PACK_01,128,108,111,112,13,45.97,44.8,RUN,6.68,1
2025-01-01 12:57:00,DAMM_PACK_01,126,114,120,120,18,44.4,72.4,RUN,6.3,0
2025-01-01 12:58:00,DAMM_PACK_01,111,114,121,136,21,50.06,76.4,RUN,6.3,0
2025-01-01 12:59:00,DAMM_PACK_01,130,125,125,140,19,44.54,53.2,RUN,6.8,2
2025-01-01 13:00:00,DAMM_PACK_01,112,125,107,119,16,44.54,68.7,RUN,7.57,0
2025-01-01 13:01:00,DAMM_PACK_01,115,108,103,132,25,43.41,33.5,RUN,7.04,4
2025-01-01 13:02:00,DAMM_PACK_01,138,117,123,121,26,45.25,82.6,RUN,7.53,1
2025-01-01 13:03:00,DAMM_PACK_01,145,129,106,103,16,46.23,98.0,RUN,5.77,2
2025-01-01 13:04:00,DAMM_PACK_01,109,119,128,131,26,47.41,65.4,RUN,6.72,3
2025-01-01 13:05:00,DAMM_PACK_01,134,127,121,102,26,42.02,13.3,RUN,6.61,2
2025-01-01 13:06:00,DAMM_PACK_01,131,128,124,119,29,44.51,43.8,STARVED,6.75,5
2025-01-01 13:07:00,DAMM_PACK_01,126,129,130,109,22,45.89,67.3,STOP,7.46,1
2025-01-01 13:08:00,DAMM_PACK_01,111,104,121,113,19,46.17,46.6,RUN,6.35,0
2025-01-01 13:09:00,DAMM_PACK_01,143,122,144,104,22,45.01,80.4,RUN,6.22,3
2025-01-01 13:10:00,DAMM_PACK_01,108,106,119,116,20,46.08,66.8,RUN,6.87,2
2025-01-01 13:11:00,DAMM_PACK_01,138,134,124,135,29,43.38,40.9,RUN,5.26,3
2025-01-01 13:12:00,DAMM_PACK_01,126,135,108,124,15,48.12,55.6,RUN,6.33,2
2025-01-01 13:13:00,DAMM_PACK_01,139,121,135,106,18,46.99,37.1,RUN,6.41,0
2025-01-01 13:14:00,DAMM_PACK_01,143,134,104,122,19,42.31,51.3,STARVED,5.86,2
2025-01-01 13:15:00,DAMM_PACK_01,114,122,117,114,22,42.85,43.9,STOP,7.24,1
2025-01-01 13:16:00,DAMM_PACK_01,111,117,104,126,12,42.91,78.5,RUN,5.76,3
2025-01-01 13:17:00,DAMM_PACK_01,101,110,108,126,14,46.36,97.3,RUN,6.4,3
2025-01-01 13:18:00,DAMM_PACK_01,115,112,123,121,15,42.43,26.4,STARVED,6.71,1
2025-01-01 13:19:00,DAMM_PACK_01,99,108,125,109,17,44.34,16.5,STARVED,7.45,0
2025-01-01 13:20:00,DAMM_PACK_01,121,135,115,101,13,45.91,50.1,BLOCKED,6.49,3
2025-01-01 13:21:00,DAMM_PACK_01,114,107,110,106,13,44.87,24.6,RUN,7.16,1
2025-01-01 13:22:00,DAMM_PACK_01,135,124,119,133,26,45.52,55.9,RUN,6.99,6
2025-01-01 13:23:00,DAMM_PACK_01,111,129,135,123,19,42.87,70.0,RUN,6.59,2
2025-01-01 13:24:00,DAMM_PACK_01,134,128,133,118,19,46.19,84.9,RUN,5.74,1
2025-01-01 13:25:00,DAMM_PACK_01,135,124,122,125,20,43.77,59.0,RUN,5.5,2
2025-01-01 13:26:00,DAMM_PACK_01,142,140,115,122,18,44.35,51.1,RUN,6.57,2
2025-01-01 13:27:00,DAMM_PACK_01,129,112,123,128,23,45.48,15.4,STOP,6.12,0
2025-01-01 13:28:00,DAMM_PACK_01,119,107,106,120,12,45.21,55.5,STOP,7.14,3
2025-01-01 13:29:00,DAMM_PACK_01,129,108,100,122,24,45.05,56.4,RUN,7.02,1
2025-01-01 13:30:00,DAMM_PACK_01,117,110,101,115,20,43.5,67.8,STOP,6.37,2
2025-01-01 13:31:00,DAMM_PACK_01,111,129,127,115,17,44.4,40.8,RUN,5.69,2
2025-01-01 13:32:00,DAMM_PACK_01,115,127,103,116,19,45.0,46.3,RUN,6.86,3
2025-01-01 13:33:00,DAMM_PACK_01,113,100,106,126,14,42.25,25.4,RUN,5.79,1
2025-01-01 13:34:00,DAMM_PACK_01,93,114,128,107,23,44.07,9.2,RUN,5.97,1
2025-01-01 13:35:00,DAMM_PACK_01,116,109,122,128,23,45.78,32.8,RUN,5.81,2
2025-01-01 13:36:00,DAMM_PACK_01,130,112,123,117,16,42.45,23.6,RUN,6.4,1
2025-01-01 13:37:00,DAMM_PACK_01,117,133,121,111,25,47.31,61.7,RUN,7.32,3
2025-01-01 13:38:00,DAMM_PACK_01,143,109,133,107,25,47.54,44.6,RUN,6.5,1
2025-01-01 13:39:00,DAMM_PACK_01,124,97,105,126,21,42.51,44.2,BLOCKED,6.19,4
2025-01-01 13:40:00,DAMM_PACK_01,143,126,108,108,19,47.72,35.3,RUN,5.43,0
2025-01-01 13:41:00,DAMM_PACK_01,123,109,101,114,19,44.71,0.0,RUN,6.89,2
2025-01-01 13:42:00,DAMM_PACK_01,111,115,134,123,14,45.84,85.2,RUN,5.95,5
2025-01-01 13:43:00,DAMM_PACK_01,110,128,121,130,14,44.01,35.0,RUN,6.58,3
2025-01-01 13:44:00,DAMM_PACK_01,130,112,115,102,33,46.85,46.8,RUN,6.25,3
2025-01-01 13:45:00,DAMM_PACK_01,117,109,139,126,16,45.81,25.9,RUN,7.09,2
2025-01-01 13:46:00,DAMM_PACK_01,126,127,131,111,20,43.37,74.4,RUN,6.39,4
2025-01-01 13:47:00,DAMM_PACK_01,131,127,109,115,15,42.67,57.9,RUN,6.46,3
2025-01-01 13:48:00,DAMM_PACK_01,110,130,109,120,22,42.08,38.5,RUN,6.84,0
2025-01-01 13:49:00,DAMM_PACK_01,123,120,121,140,18,45.38,47.2,RUN,7.97,1
2025-01-01 13:50:00,DAMM_PACK_01,112,132,109,146,14,46.14,88.6,RUN,7.12,6
2025-01-01 13:51:00,DAMM_PACK_01,134,127,121,115,20,46.3,53.5,STOP,6.44,4
2025-01-01 13:52:00,DAMM_PACK_01,125,125,128,114,17,44.76,51.4,RUN,6.5,5
2025-01-01 13:53:00,DAMM_PACK_01,102,109,122,114,14,42.69,36.2,RUN,6.13,3
2025-01-01 13:54:00,DAMM_PACK_01,116,113,120,124,21,43.64,17.1,STARVED,5.84,3
2025-01-01 13:55:00,DAMM_PACK_01,127,129,109,128,26,47.3,51.8,RUN,6.11,0
2025-01-01 13:56:00,DAMM_PACK_01,101,121,109,119,16,44.03,61.5,RUN,5.96,2
2025-01-01 13:57:00,DAMM_PACK_01,126,117,117,112,18,45.29,77.0,BLOCKED,6.96,2
2025-01-01 13:58:00,DAMM_PACK_01,133,124,147,110,22,42.85,10.0,RUN,5.75,3
2025-01-01 13:59:00,DAMM_PACK_01,119,140,110,106,16,45.67,32.5,RUN,7.43,1
2025-01-01 14:00:00,DAMM_PACK_01,132,118,109,122,18,44.08,43.4,STOP,7.03,5
2025-01-01 14:01:00,DAMM_PACK_01,126,124,113,140,23,47.09,54.9,STOP,6.51,7
2025-01-01 14:02:00,DAMM_PACK_01,112,110,121,130,15,46.55,52.1,RUN,6.5,3
2025-01-01 14:03:00,DAMM_PACK_01,130,122,128,117,19,44.01,52.6,RUN,6.11,2
2025-01-01 14:04:00,DAMM_PACK_01,127,107,97,98,14,44.75,63.2,STOP,6.69,4
2025-01-01 14:05:00,DAMM_PACK_01,126,117,102,114,18,43.9,36.9,RUN,7.26,1
2025-01-01 14:06:00,DAMM_PACK_01,124,130,137,112,23,42.16,73.7,RUN,6.01,0
2025-01-01 14:07:00,DAMM_PACK_01,134,121,129,126,20,43.29,63.7,RUN,5.43,2
2025-01-01 14:08:00,DAMM_PACK_01,132,130,124,105,23,45.4,48.6,RUN,6.99,2
2025-01-01 14:09:00,DAMM_PACK_01,115,146,105,124,22,45.65,87.0,STOP,6.73,0
2025-01-01 14:10:00,DAMM_PACK_01,107,118,121,116,16,45.3,86.1,STOP,5.72,2
2025-01-01 14:11:00,DAMM_PACK_01,132,105,113,113,19,44.4,73.7,BLOCKED,5.99,0
2025-01-01 14:12:00,DAMM_PACK_01,124,111,128,124,15,46.87,0.0,STOP,5.9,1
2025-01-01 14:13:00,DAMM_PACK_01,124,121,127,104,23,45.13,86.6,RUN,5.99,0
2025-01-01 14:14:00,DAMM_PACK_01,130,113,132,109,21,46.41,70.9,RUN,6.27,2
2025-01-01 14:15:00,DAMM_PACK_01,129,100,120,101,15,41.45,95.1,RUN,6.31,1
2025-01-01 14:16:00,DAMM_PACK_01,150,123,114,109,15,37.16,79.7,RUN,6.04,1
2025-01-01 14:17:00,DAMM_PACK_01,124,107,100,102,20,45.57,86.6,RUN,5.97,0
2025-01-01 14:18:00,DAMM_PACK_01,126,111,131,130,19,42.15,72.6,RUN,6.34,0
2025-01-01 14:19:00,DAMM_PACK_01,113,134,107,125,16,44.58,82.0,STARVED,6.62,1
2025-01-01 14:20:00,DAMM_PACK_01,99,131,111,122,7,44.4,94.9,RUN,6.28,0
2025-01-01 14:21:00,DAMM_PACK_01,115,113,114,113,22,48.17,59.3,RUN,7.31,7
2025-01-01 14:22:00,DAMM_PACK_01,128,100,104,117,23,45.8,23.6,RUN,6.86,1
2025-01-01 14:23:00,DAMM_PACK_01,129,98,116,101,18,45.33,48.9,RUN,5.39,4
2025-01-01 14:24:00,DAMM_PACK_01,120,109,124,121,22,46.67,62.8,RUN,6.87,2
2025-01-01 14:25:00,DAMM_PACK_01,126,110,125,140,13,45.74,56.5,STOP,6.92,4
2025-01-01 14:26:00,DAMM_PACK_01,118,106,128,110,17,44.08,30.1,RUN,6.2,2
2025-01-01 14:27:00,DAMM_PACK_01,108,111,107,110,21,47.14,22.4,RUN,5.45,2
2025-01-01 14:28:00,DAMM_PACK_01,126,112,121,117,21,42.78,40.2,RUN,6.51,2
2025-01-01 14:29:00,DAMM_PACK_01,101,109,114,100,22,45.65,71.2,RUN,6.49,4
2025-01-01 14:30:00,DAMM_PACK_01,125,110,131,126,19,41.9,86.6,BLOCKED,5.71,1
2025-01-01 14:31:00,DAMM_PACK_01,145,124,115,123,25,45.41,73.3,RUN,5.48,2
2025-01-01 14:32:00,DAMM_PACK_01,118,108,107,113,18,45.39,76.1,STARVED,6.44,3
2025-01-01 14:33:00,DAMM_PACK_01,117,105,116,145,20,48.35,53.4,RUN,6.34,5
2025-01-01 14:34:00,DAMM_PACK_01,117,132,119,113,25,41.87,20.2,RUN,6.21,1
2025-01-01 14:35:00,DAMM_PACK_01,136,100,127,112,22,43.8,45.9,RUN,6.44,2
2025-01-01 14:36:00,DAMM_PACK_01,110,111,124,114,29,46.65,49.8,RUN,5.73,0
2025-01-01 14:37:00,DAMM_PACK_01,125,129,117,127,20,45.67,45.1,STOP,6.2,3
2025-01-01 14:38:00,DAMM_PACK_01,134,120,116,116,17,45.36,56.1,RUN,6.87,3
2025-01-01 14:39:00,DAMM_PACK_01,153,105,135,120,20,43.09,63.8,BLOCKED,6.26,0
2025-01-01 14:40:00,DAMM_PACK_01,134,110,142,107,12,43.82,72.1,RUN,5.33,1
2025-01-01 14:41:00,DAMM_PACK_01,129,99,121,88,22,47.49,49.4,RUN,6.17,0
2025-01-01 14:42:00,DAMM_PACK_01,129,112,103,109,26,44.9,16.9,RUN,5.75,0
2025-01-01 14:43:00,DAMM_PACK_01,106,95,100,117,16,45.75,45.3,RUN,6.69,1
2025-01-01 14:44:00,DAMM_PACK_01,139,117,115,130,18,44.77,55.9,RUN,6.72,3
2025-01-01 14:45:00,DAMM_PACK_01,130,120,107,111,20,42.63,79.5,RUN,5.34,2
2025-01-01 14:46:00,DAMM_PACK_01,105,127,114,112,22,46.87,43.6,RUN,7.03,5
2025-01-01 14:47:00,DAMM_PACK_01,126,112,124,122,12,46.01,65.3,RUN,5.72,2
2025-01-01 14:48:00,DAMM_PACK_01,109,134,117,118,24,49.61,60.8,RUN,7.59,2
2025-01-01 14:49:00,DAMM_PACK_01,99,107,110,105,27,42.97,55.9,RUN,6.47,2
2025-01-01 14:50:00,DAMM_PACK_01,112,126,105,137,21,46.65,73.6,RUN,5.63,1
2025-01-01 14:51:00,DAMM_PACK_01,114,117,108,121,16,42.38,41.8,RUN,5.7,2
2025-01-01 14:52:00,DAMM_PACK_01,116,113,126,102,19,45.31,43.5,RUN,6.74,1
2025-01-01 14:53:00,DAMM_PACK_01,123,115,121,110,19,46.95,54.8,RUN,6.23,0
2025-01-01 14:54:00,DAMM_PACK_01,126,116,98,104,23,40.86,42.2,RUN,6.43,4
2025-01-01 14:55:00,DAMM_PACK_01,130,103,113,112,23,44.59,65.2,RUN,7.63,1
2025-01-01 14:56:00,DAMM_PACK_01,119,143,123,118,18,43.87,40.7,RUN,6.01,3
2025-01-01 14:57:00,DAMM_PACK_01,106,120,108,109,24,43.6,59.5,RUN,6.54,1
2025-01-01 14:58:00,DAMM_PACK_01,124,118,114,130,20,45.77,53.0,RUN,7.49,2
2025-01-01 14:59:00,DAMM_PACK_01,122,109,148,111,12,47.24,59.3,RUN,6.69,2
2025-01-01 15:00:00,DAMM_PACK_01,114,114,112,111,15,44.73,45.8,RUN,5.38,1
2025-01-01 15:01:00,DAMM_PACK_01,102,104,123,119,18,45.41,48.2,RUN,6.85,2
2025-01-01 15:02:00,DAMM_PACK_01,88,107,104,106,19,45.23,56.9,RUN,5.69,0
2025-01-01 15:03:00,DAMM_PACK_01,117,108,127,126,13,45.0,59.0,RUN,7.48,2
2025-01-01 15:04:00,DAMM_PACK_01,122,130,111,99,17,42.82,54.9,RUN,5.92,1
2025-01-01 15:05:00,DAMM_PACK_01,131,120,126,123,13,47.22,89.1,RUN,8.58,1
2025-01-01 15:06:00,DAMM_PACK_01,108,114,114,120,17,45.59,35.2,RUN,7.53,0
2025-01-01 15:07:00,DAMM_PACK_01,124,114,114,123,20,45.79,53.7,RUN,5.94,3
2025-01-01 15:08:00,DAMM_PACK_01,96,120,116,111,30,43.39,23.5,RUN,6.51,1
2025-01-01 15:09:00,DAMM_PACK_01,127,128,134,106,24,44.08,62.4,RUN,7.03,2
2025-01-01 15:10:00,DAMM_PACK_01,127,124,138,134,15,44.65,32.7,RUN,7.05,1
2025-01-01 15:11:00,DAMM_PACK_01,115,108,127,113,20,41.93,49.4,RUN,6.81,5
2025-01-01 15:12:00,DAMM_PACK_01,101,110,93,120,15,41.62,47.6,RUN,7.38,1
2025-01-01 15:13:00,DAMM_PACK_01,121,128,118,98,18,43.8,60.6,RUN,6.41,4
2025-01-01 15:14:00,DAMM_PACK_01,118,126,122,125,22,46.05,43.9,RUN,6.24,1
2025-01-01 15:15:00,DAMM_PACK_01,121,117,145,127,20,43.69,43.1,RUN,6.26,0
2025-01-01 15:16:00,DAMM_PACK_01,101,101,104,121,15,42.96,83.7,RUN,7.1,3
2025-01-01 15:17:00,DAMM_PACK_01,111,137,119,119,25,43.37,60.7,BLOCKED,6.76,3
2025-01-01 15:18:00,DAMM_PACK_01,134,111,122,111,27,44.09,43.8,RUN,6.7,2
2025-01-01 15:19:00,DAMM_PACK_01,109,109,116,96,24,44.29,50.0,RUN,7.06,3
2025-01-01 15:20:00,DAMM_PACK_01,125,117,97,117,18,49.33,87.9,STOP,5.06,2
2025-01-01 15:21:00,DAMM_PACK_01,122,127,117,116,18,47.11,50.3,RUN,6.72,2
2025-01-01 15:22:00,DAMM_PACK_01,109,118,116,113,19,47.05,41.2,RUN,6.65,1
2025-01-01 15:23:00,DAMM_PACK_01,100,127,122,111,25,47.34,41.3,RUN,7.67,2
2025-01-01 15:24:00,DAMM_PACK_01,112,130,131,130,20,43.0,44.0,RUN,5.43,3
2025-01-01 15:25:00,DAMM_PACK_01,134,113,117,119,22,42.56,43.1,STOP,7.59,1
2025-01-01 15:26:00,DAMM_PACK_01,128,122,121,114,26,42.79,29.4,RUN,6.55,2
2025-01-01 15:27:00,DAMM_PACK_01,115,118,128,97,15,47.67,32.5,RUN,6.84,2
2025-01-01 15:28:00,DAMM_PACK_01,134,94,116,96,25,43.91,38.4,RUN,7.67,2
2025-01-01 15:29:00,DAMM_PACK_01,118,120,103,125,14,42.5,66.8,STOP,6.89,2
2025-01-01 15:30:00,DAMM_PACK_01,120,130,118,120,15,44.14,47.4,RUN,6.78,1
2025-01-01 15:31:00,DAMM_PACK_01,137,109,114,126,18,44.52,50.9,RUN,6.67,2
2025-01-01 15:32:00,DAMM_PACK_01,112,125,130,123,18,45.54,80.4,RUN,6.16,0
2025-01-01 15:33:00,DAMM_PACK_01,138,121,100,88,23,45.5,80.9,RUN,6.48,3
2025-01-01 15:34:00,DAMM_PACK_01,124,106,131,105,22,43.34,49.4,RUN,6.0,3
2025-01-01 15:35:00,DAMM_PACK_01,128,128,124,113,29,46.37,42.4,RUN,6.47,1
2025-01-01 15:36:00,DAMM_PACK_01,127,126,121,115,31,43.72,37.7,RUN,4.86,3
2025-01-01 15:37:00,DAMM_PACK_01,108,127,127,113,22,44.69,68.9,RUN,6.8,6
2025-01-01 15:38:00,DAMM_PACK_01,155,124,121,130,14,46.37,50.9,RUN,6.41,4
2025-01-01 15:39:00,DAMM_PACK_01,133,138,124,129,12,43.72,47.3,RUN,6.26,1
2025-01-01 15:40:00,DAMM_PACK_01,111,97,103,102,21,43.86,38.7,RUN,6.65,1
2025-01-01 15:41:00,DAMM_PACK_01,118,130,120,106,21,46.18,39.6,RUN,5.5,0
2025-01-01 15:42:00,DAMM_PACK_01,115,127,115,95,20,43.28,61.4,RUN,7.85,0
2025-01-01 15:43:00,DAMM_PACK_01,108,113,123,102,33,44.23,28.7,RUN,6.43,2
2025-01-01 15:44:00,DAMM_PACK_01,153,139,101,130,16,46.11,74.9,RUN,6.4,1
2025-01-01 15:45:00,DAMM_PACK_01,125,121,117,124,21,49.11,44.3,RUN,5.82,2
2025-01-01 15:46:00,DAMM_PACK_01,129,112,118,126,19,46.21,52.0,RUN,6.52,5
2025-01-01 15:47:00,DAMM_PACK_01,111,126,130,126,22,45.95,28.3,STARVED,7.47,5
2025-01-01 15:48:00,DAMM_PACK_01,108,125,116,138,17,46.06,54.8,RUN,7.23,2
2025-01-01 15:49:00,DAMM_PACK_01,115,113,114,115,14,42.85,48.4,RUN,7.1,3
2025-01-01 15:50:00,DAMM_PACK_01,118,116,117,127,17,45.23,54.0,RUN,6.88,2
2025-01-01 15:51:00,DAMM_PACK_01,124,113,108,105,22,44.94,84.4,RUN,6.25,2
2025-01-01 15:52:00,DAMM_PACK_01,108,139,117,127,17,45.64,58.6,RUN,5.48,0
2025-01-01 15:53:00,DAMM_PACK_01,125,114,101,115,23,45.23,39.1,RUN,6.36,2
2025-01-01 15:54:00,DAMM_PACK_01,133,96,141,128,15,45.76,40.8,RUN,6.33,1
2025-01-01 15:55:00,DAMM_PACK_01,123,106,105,129,14,44.38,66.9,STOP,7.23,4
2025-01-01 15:56:00,DAMM_PACK_01,110,116,111,105,15,45.12,81.0,RUN,6.72,0
2025-01-01 15:57:00,DAMM_PACK_01,112,109,111,109,18,42.54,60.6,RUN,7.63,4
2025-01-01 15:58:00,DAMM_PACK_01,121,123,119,92,18,44.36,68.8,STARVED,7.34,6
2025-01-01 15:59:00,DAMM_PACK_01,91,126,115,127,18,47.78,67.2,STARVED,6.18,3
2025-01-01 16:00:00,DAMM_PACK_01,118,135,113,107,20,45.64,83.4,RUN,5.24,2
2025-01-01 16:01:00,DAMM_PACK_01,114,127,108,116,14,44.96,16.0,RUN,7.47,2
2025-01-01 16:02:00,DAMM_PACK_01,92,123,126,114,14,48.79,68.3,RUN,7.45,1
2025-01-01 16:03:00,DAMM_PACK_01,124,115,124,120,17,42.28,74.7,RUN,5.54,2
2025-01-01 16:04:00,DAMM_PACK_01,119,134,114,103,9,42.78,28.2,RUN,7.56,2
2025-01-01 16:05:00,DAMM_PACK_01,120,112,112,113,22,48.43,37.3,RUN,6.77,2
2025-01-01 16:06:00,DAMM_PACK_01,106,110,107,118,23,45.09,38.0,RUN,6.61,2
2025-01-01 16:07:00,DAMM_PACK_01,114,107,112,104,20,44.51,40.4,RUN,7.63,3
2025-01-01 16:08:00,DAMM_PACK_01,109,116,111,118,19,42.6,45.4,RUN,7.44,2
2025-01-01 16:09:00,DAMM_PACK_01,154,103,103,116,19,45.9,59.9,RUN,6.96,1
2025-01-01 16:10:00,DAMM_PACK_01,126,119,117,121,18,46.09,72.3,RUN,6.83,2
2025-01-01 16:11:00,DAMM_PACK_01,134,118,136,108,15,42.81,76.6,RUN,6.93,2
2025-01-01 16:12:00,DAMM_PACK_01,126,121,109,119,16,44.72,38.2,RUN,6.22,3
2025-01-01 16:13:00,DAMM_PACK_01,143,106,109,119,23,44.33,38.1,RUN,6.46,2
2025-01-01 16:14:00,DAMM_PACK_01,120,119,93,126,30,45.51,81.3,RUN,5.87,3
2025-01-01 16:15:00,DAMM_PACK_01,134,113,127,119,26,42.76,67.9,RUN,6.27,1
2025-01-01 16:16:00,DAMM_PACK_01,126,123,117,116,22,47.5,56.7,RUN,6.24,3
2025-01-01 16:17:00,DAMM_PACK_01,110,129,104,119,15,46.83,64.5,RUN,6.06,3
2025-01-01 16:18:00,DAMM_PACK_01,117,123,113,115,22,44.27,54.4,RUN,6.6,4
2025-01-01 16:19:00,DAMM_PACK_01,104,115,118,116,23,44.57,65.5,RUN,6.27,3
2025-01-01 16:20:00,DAMM_PACK_01,134,128,114,114,24,44.73,48.3,RUN,6.85,2
2025-01-01 16:21:00,DAMM_PACK_01,122,120,121,111,14,43.44,60.4,RUN,5.36,1
2025-01-01 16:22:00,DAMM_PACK_01,135,108,116,102,18,44.11,24.8,RUN,6.42,5
2025-01-01 16:23:00,DAMM_PACK_01,114,121,101,125,23,44.46,41.2,RUN,6.59,0
2025-01-01 16:24:00,DAMM_PACK_01,131,119,127,125,17,48.23,41.5,RUN,6.28,0
2025-01-01 16:25:00,DAMM_PACK_01,130,106,117,118,16,46.89,47.5,RUN,6.38,3
2025-01-01 16:26:00,DAMM_PACK_01,131,116,121,107,23,46.87,36.5,RUN,5.39,4
2025-01-01 16:27:00,DAMM_PACK_01,121,94,119,102,21,45.74,44.3,RUN,6.75,2
2025-01-01 16:28:00,DAMM_PACK_01,114,124,93,110,13,42.77,24.7,RUN,6.95,5
2025-01-01 16:29:00,DAMM_PACK_01,117,109,106,106,22,44.92,66.0,RUN,6.85,1
2025-01-01 16:30:00,DAMM_PACK_01,116,110,125,144,25,46.94,53.3,RUN,7.23,0
2025-01-01 16:31:00,DAMM_PACK_01,111,113,103,114,15,42.48,20.9,STARVED,6.64,3
2025-01-01 16:32:00,DAMM_PACK_01,111,129,104,120,19,46.27,38.3,STARVED,6.84,2
2025-01-01 16:33:00,DAMM_PACK_01,123,113,109,108,29,49.65,61.7,RUN,6.61,2
2025-01-01 16:34:00,DAMM_PACK_01,124,129,109,121,22,47.12,44.1,RUN,6.98,1
2025-01-01 16:35:00,DAMM_PACK_01,116,108,114,105,24,47.83,41.1,RUN,5.4,2
2025-01-01 16:36:00,DAMM_PACK_01,121,117,94,118,15,45.44,53.5,STARVED,5.87,2
2025-01-01 16:37:00,DAMM_PACK_01,116,130,93,101,17,46.94,61.9,RUN,7.61,5
2025-01-01 16:38:00,DAMM_PACK_01,122,114,117,122,20,43.56,26.3,RUN,4.78,3
2025-01-01 16:39:00,DAMM_PACK_01,123,129,119,122,21,46.59,66.0,RUN,6.4,0
2025-01-01 16:40:00,DAMM_PACK_01,131,117,106,139,24,46.31,39.0,RUN,7.32,4
2025-01-01 16:41:00,DAMM_PACK_01,146,139,120,120,25,45.58,54.6,RUN,6.43,1
2025-01-01 16:42:00,DAMM_PACK_01,109,139,127,142,20,47.63,54.3,RUN,6.22,5
2025-01-01 16:43:00,DAMM_PACK_01,125,119,103,108,28,43.92,44.5,RUN,6.59,1
2025-01-01 16:44:00,DAMM_PACK_01,115,117,123,114,19,44.63,34.5,RUN,6.25,5
2025-01-01 16:45:00,DAMM_PACK_01,119,106,123,109,21,45.19,49.3,STARVED,6.52,1
2025-01-01 16:46:00,DAMM_PACK_01,113,125,108,106,16,42.94,87.5,RUN,6.02,1
2025-01-01 16:47:00,DAMM_PACK_01,131,115,107,114,22,45.45,27.8,STOP,7.28,3
2025-01-01 16:48:00,DAMM_PACK_01,114,122,124,130,23,41.56,88.8,RUN,7.5,1
2025-01-01 16:49:00,DAMM_PACK_01,127,123,136,98,29,47.09,49.8,RUN,6.41,1
2025-01-01 16:50:00,DAMM_PACK_01,117,113,100,123,13,45.09,55.7,RUN,5.53,2
2025-01-01 16:51:00,DAMM_PACK_01,109,115,109,99,19,43.96,33.3,RUN,6.13,3
2025-01-01 16:52:00,DAMM_PACK_01,109,129,114,107,11,43.33,39.6,RUN,6.37,1
2025-01-01 16:53:00,DAMM_PACK_01,127,114,117,127,20,44.53,44.9,RUN,6.85,4
2025-01-01 16:54:00,DAMM_PACK_01,122,102,114,115,26,46.38,34.1,RUN,5.79,0
2025-01-01 16:55:00,DAMM_PACK_01,149,115,126,104,18,46.1,50.8,BLOCKED,5.96,2
2025-01-01 16:56:00,DAMM_PACK_01,131,123,104,114,17,43.59,46.9,RUN,6.86,1
2025-01-01 16:57:00,DAMM_PACK_01,145,115,113,103,17,43.31,92.0,RUN,7.16,2
2025-01-01 16:58:00,DAMM_PACK_01,131,105,127,134,19,46.31,31.7,RUN,6.06,2
2025-01-01 16:59:00,DAMM_PACK_01,111,91,106,105,10,43.56,57.1,RUN,5.57,2
2025-01-01 17:00:00,DAMM_PACK_01,123,106,101,123,24,45.12,60.0,RUN,8.8,3
2025-01-01 17:01:00,DAMM_PACK_01,115,120,127,110,24,45.25,33.6,RUN,7.05,3
2025-01-01 17:02:00,DAMM_PACK_01,130,118,119,115,24,45.62,68.7,RUN,6.31,3
2025-01-01 17:03:00,DAMM_PACK_01,132,145,119,114,20,46.72,47.0,RUN,7.11,2
2025-01-01 17:04:00,DAMM_PACK_01,125,136,113,103,11,42.47,5.2,RUN,6.41,4
2025-01-01 17:05:00,DAMM_PACK_01,124,122,122,117,13,41.18,68.2,RUN,7.11,3
2025-01-01 17:06:00,DAMM_PACK_01,123,126,136,114,19,43.87,32.7,STOP,6.61,6
2025-01-01 17:07:00,DAMM_PACK_01,128,124,118,122,23,48.6,34.0,STOP,6.56,3
2025-01-01 17:08:00,DAMM_PACK_01,110,126,126,133,20,49.04,68.8,RUN,6.42,1
2025-01-01 17:09:00,DAMM_PACK_01,123,105,105,118,19,48.66,48.1,RUN,5.49,2
2025-01-01 17:10:00,DAMM_PACK_01,111,119,124,117,24,44.61,73.4,RUN,7.86,7
2025-01-01 17:11:00,DAMM_PACK_01,123,116,116,115,15,41.44,79.2,RUN,5.84,2
2025-01-01 17:12:00,DAMM_PACK_01,126,136,112,119,24,40.31,42.1,STOP,5.55,1
2025-01-01 17:13:00,DAMM_PACK_01,118,131,114,126,12,43.77,70.9,RUN,6.35,5
2025-01-01 17:14:00,DAMM_PACK_01,106,118,121,113,20,44.6,39.9,RUN,5.83,3
2025-01-01 17:15:00,DAMM_PACK_01,127,120,129,126,22,47.6,99.7,RUN,6.46,5
2025-01-01 17:16:00,DAMM_PACK_01,112,90,102,112,17,46.74,41.1,RUN,6.98,2
2025-01-01 17:17:00,DAMM_PACK_01,102,126,129,134,22,45.45,75.5,RUN,7.2,0
2025-01-01 17:18:00,DAMM_PACK_01,109,123,111,121,24,43.22,71.9,RUN,7.07,0
2025-01-01 17:19:00,DAMM_PACK_01,111,141,112,113,20,43.08,61.3,RUN,6.29,1
2025-01-01 17:20:00,DAMM_PACK_01,100,128,96,95,25,45.51,41.6,BLOCKED,6.53,2
2025-01-01 17:21:00,DAMM_PACK_01,99,121,120,125,15,46.39,52.0,RUN,6.79,3
2025-01-01 17:22:00,DAMM_PACK_01,111,124,109,121,18,45.78,11.9,RUN,5.27,2
2025-01-01 17:23:00,DAMM_PACK_01,135,140,129,115,26,42.93,59.5,RUN,6.9,2
2025-01-01 17:24:00,DAMM_PACK_01,121,122,129,134,5,46.3,62.0,RUN,5.48,3
2025-01-01 17:25:00,DAMM_PACK_01,114,112,126,114,21,45.85,57.7,RUN,7.93,1
2025-01-01 17:26:00,DAMM_PACK_01,122,115,107,113,16,42.86,0.0,RUN,6.22,7
2025-01-01 17:27:00,DAMM_PACK_01,119,106,131,109,17,43.43,29.7,RUN,6.37,2
2025-01-01 17:28:00,DAMM_PACK_01,122,100,104,129,14,46.38,40.0,RUN,5.96,6
2025-01-01 17:29:00,DAMM_PACK_01,108,101,142,122,15,44.53,60.8,RUN,6.06,1
2025-01-01 17:30:00,DAMM_PACK_01,109,123,112,111,18,48.18,60.8,RUN,8.09,0
2025-01-01 17:31:00,DAMM_PACK_01,103,106,124,108,20,46.0,51.6,RUN,7.16,1
2025-01-01 17:32:00,DAMM_PACK_01,129,109,127,131,16,44.03,67.7,BLOCKED,5.42,6
2025-01-01 17:33:00,DAMM_PACK_01,125,138,116,115,19,44.98,34.5,RUN,7.55,2
2025-01-01 17:34:00,DAMM_PACK_01,140,94,113,130,25,45.13,67.2,RUN,7.34,2
2025-01-01 17:35:00,DAMM_PACK_01,117,120,113,116,14,43.54,64.5,RUN,6.3,1
2025-01-01 17:36:00,DAMM_PACK_01,121,112,118,129,21,43.17,62.6,RUN,6.71,1
2025-01-01 17:37:00,DAMM_PACK_01,121,121,113,113,15,46.4,51.4,RUN,6.49,1
2025-01-01 17:38:00,DAMM_PACK_01,102,110,122,124,22,46.69,91.6,RUN,7.88,1
2025-01-01 17:39:00,DAMM_PACK_01,105,110,110,117,27,46.21,64.9,STOP,5.94,2
2025-01-01 17:40:00,DAMM_PACK_01,130,114,124,117,18,48.03,35.6,STARVED,6.6,2
2025-01-01 17:41:00,DAMM_PACK_01,90,94,122,113,22,43.92,60.0,RUN,6.2,2
2025-01-01 17:42:00,DAMM_PACK_01,112,130,121,129,25,48.35,70.0,RUN,5.5,0
2025-01-01 17:43:00,DAMM_PACK_01,122,109,118,114,16,43.2,43.2,RUN,8.03,1
2025-01-01 17:44:00,DAMM_PACK_01,117,101,98,122,8,42.97,76.8,RUN,5.67,4
2025-01-01 17:45:00,DAMM_PACK_01,123,113,141,120,25,41.48,62.6,RUN,6.65,5
2025-01-01 17:46:00,DAMM_PACK_01,139,100,116,113,21,44.11,8.2,RUN,5.28,2
2025-01-01 17:47:00,DAMM_PACK_01,105,126,118,143,24,43.99,61.0,RUN,6.22,4
2025-01-01 17:48:00,DAMM_PACK_01,116,118,108,116,25,46.05,46.9,RUN,6.8,0
2025-01-01 17:49:00,DAMM_PACK_01,134,113,105,109,27,45.49,65.7,RUN,5.92,3
2025-01-01 17:50:00,DAMM_PACK_01,130,119,116,109,16,42.61,73.9,RUN,6.91,6
2025-01-01 17:51:00,DAMM_PACK_01,101,120,108,122,19,44.21,58.9,RUN,6.31,0
2025-01-01 17:52:00,DAMM_PACK_01,108,127,122,109,20,44.26,88.3,RUN,7.31,6
2025-01-01 17:53:00,DAMM_PACK_01,115,105,114,126,21,41.45,51.4,RUN,7.45,2
2025-01-01 17:54:00,DAMM_PACK_01,124,113,120,119,19,43.04,67.5,RUN,6.09,3
2025-01-01 17:55:00,DAMM_PACK_01,106,124,118,128,30,43.46,71.1,RUN,6.55,3
2025-01-01 17:56:00,DAMM_PACK_01,139,124,140,109,18,47.87,53.1,RUN,6.63,0
2025-01-01 17:57:00,DAMM_PACK_01,123,122,96,117,22,45.38,70.6,RUN,6.93,1
2025-01-01 17:58:00,DAMM_PACK_01,108,133,108,114,26,46.32,43.1,RUN,6.51,1
2025-01-01 17:59:00,DAMM_PACK_01,117,111,116,123,18,42.0,46.5,RUN,6.63,1
2025-01-01 18:00:00,DAMM_PACK_01,116,115,112,105,14,47.39,28.8,RUN,6.33,2
2025-01-01 18:01:00,DAMM_PACK_01,114,124,117,107,24,47.6,59.8,RUN,6.58,6
2025-01-01 18:02:00,DAMM_PACK_01,118,124,122,112,16,41.0,61.5,BLOCKED,7.41,2
2025-01-01 18:03:00,DAMM_PACK_01,124,115,107,117,18,43.59,78.6,RUN,6.95,3
2025-01-01 18:04:00,DAMM_PACK_01,124,126,125,114,20,45.99,70.8,STOP,6.99,2
2025-01-01 18:05:00,DAMM_PACK_01,107,123,120,118,20,46.29,49.3,STOP,7.01,7
2025-01-01 18:06:00,DAMM_PACK_01,130,123,116,123,27,43.64,31.4,RUN,6.39,3
2025-01-01 18:07:00,DAMM_PACK_01,97,132,119,108,17,44.39,63.7,RUN,6.72,1
2025-01-01 18:08:00,DAMM_PACK_01,106,117,110,139,18,43.81,77.2,RUN,5.74,2
2025-01-01 18:09:00,DAMM_PACK_01,113,115,99,116,21,45.22,70.1,RUN,7.39,2
2025-01-01 18:10:00,DAMM_PACK_01,126,112,125,94,14,47.39,76.7,RUN,4.55,2
2025-01-01 18:11:00,DAMM_PACK_01,131,131,117,103,22,43.46,50.8,STOP,6.44,1
2025-01-01 18:12:00,DAMM_PACK_01,114,139,115,117,24,47.0,45.7,RUN,7.3,1
2025-01-01 18:13:00,DAMM_PACK_01,121,129,123,104,7,43.44,40.3,RUN,5.55,1
2025-01-01 18:14:00,DAMM_PACK_01,106,128,107,111,9,43.3,53.9,RUN,6.78,1
2025-01-01 18:15:00,DAMM_PACK_01,118,129,111,110,19,46.64,53.4,STOP,6.02,2
2025-01-01 18:16:00,DAMM_PACK_01,116,111,117,107,16,46.84,59.1,RUN,6.24,2
2025-01-01 18:17:00,DAMM_PACK_01,132,127,92,114,17,46.7,52.4,RUN,7.16,2
2025-01-01 18:18:00,DAMM_PACK_01,129,132,130,108,16,42.37,52.3,RUN,6.64,0
2025-01-01 18:19:00,DAMM_PACK_01,117,124,106,117,18,44.07,39.5,RUN,5.08,2
2025-01-01 18:20:00,DAMM_PACK_01,129,112,113,115,17,46.65,73.8,RUN,5.82,5
2025-01-01 18:21:00,DAMM_PACK_01,121,121,126,136,22,45.08,56.5,STARVED,7.18,2
2025-01-01 18:22:00,DAMM_PACK_01,148,124,95,110,26,42.85,51.5,RUN,6.81,2
2025-01-01 18:23:00,DAMM_PACK_01,104,116,115,108,18,45.92,40.1,STARVED,7.72,2
2025-01-01 18:24:00,DAMM_PACK_01,118,127,109,124,19,43.57,28.4,RUN,7.68,2
2025-01-01 18:25:00,DAMM_PACK_01,103,124,132,96,16,48.59,81.2,RUN,6.26,2
2025-01-01 18:26:00,DAMM_PACK_01,107,122,126,127,23,48.09,66.1,RUN,8.25,4
2025-01-01 18:27:00,DAMM_PACK_01,128,108,119,121,22,46.21,22.5,RUN,6.52,4
2025-01-01 18:28:00,DAMM_PACK_01,116,104,103,131,23,47.72,70.3,STOP,5.83,3
2025-01-01 18:29:00,DAMM_PACK_01,119,131,109,117,16,45.13,73.4,RUN,6.06,2
2025-01-01 18:30:00,DAMM_PACK_01,130,126,124,131,21,46.53,57.5,RUN,4.92,1
2025-01-01 18:31:00,DAMM_PACK_01,126,117,120,110,20,47.96,87.0,RUN,7.62,1
2025-01-01 18:32:00,DAMM_PACK_01,112,113,96,106,27,45.49,59.3,RUN,7.62,2
2025-01-01 18:33:00,DAMM_PACK_01,119,110,115,130,22,44.49,26.7,RUN,5.79,3
2025-01-01 18:34:00,DAMM_PACK_01,125,122,134,113,22,41.59,62.3,RUN,6.34,2
2025-01-01 18:35:00,DAMM_PACK_01,124,119,121,111,17,44.83,59.9,RUN,6.57,2
2025-01-01 18:36:00,DAMM_PACK_01,99,111,90,104,24,46.65,42.9,RUN,5.83,2
2025-01-01 18:37:00,DAMM_PACK_01,107,148,109,108,18,46.89,66.5,RUN,5.27,4
2025-01-01 18:38:00,DAMM_PACK_01,120,134,141,113,23,46.01,21.6,RUN,6.35,4
2025-01-01 18:39:00,DAMM_PACK_01,92,120,128,99,17,43.92,74.8,RUN,6.28,4
2025-01-01 18:40:00,DAMM_PACK_01,127,98,118,119,20,41.05,37.4,STOP,6.23,4
2025-01-01 18:41:00,DAMM_PACK_01,100,121,138,114,15,44.01,35.3,RUN,6.66,1
2025-01-01 18:42:00,DAMM_PACK_01,115,136,122,116,19,44.39,52.7,RUN,7.5,1
2025-01-01 18:43:00,DAMM_PACK_01,115,105,117,103,17,44.37,63.7,STOP,6.29,0
2025-01-01 18:44:00,DAMM_PACK_01,125,111,118,101,24,46.24,58.3,RUN,6.62,1
2025-01-01 18:45:00,DAMM_PACK_01,108,124,120,119,28,48.97,40.1,RUN,7.01,2
2025-01-01 18:46:00,DAMM_PACK_01,125,128,121,108,21,45.25,44.9,RUN,6.89,4
2025-01-01 18:47:00,DAMM_PACK_01,112,111,106,107,15,44.57,32.3,RUN,6.07,2
2025-01-01 18:48:00,DAMM_PACK_01,113,110,141,106,17,44.48,50.5,RUN,6.57,2
2025-01-01 18:49:00,DAMM_PACK_01,124,123,115,117,10,45.25,76.5,RUN,6.88,4
2025-01-01 18:50:00,DAMM_PACK_01,110,121,120,104,19,43.34,54.9,RUN,5.71,1
2025-01-01 18:51:00,DAMM_PACK_01,124,126,114,126,24,45.24,72.2,RUN,7.38,1
2025-01-01 18:52:00,DAMM_PACK_01,125,123,148,113,28,45.9,84.1,RUN,7.5,3
2025-01-01 18:53:00,DAMM_PACK_01,130,113,113,108,28,45.42,43.2,RUN,5.99,1
2025-01-01 18:54:00,DAMM_PACK_01,123,101,107,118,21,45.92,51.3,RUN,6.64,2
2025-01-01 18:55:00,DAMM_PACK_01,131,136,107,140,23,45.87,98.4,RUN,6.95,1
2025-01-01 18:56:00,DAMM_PACK_01,105,102,116,125,12,41.46,83.9,RUN,6.12,0
2025-01-01 18:57:00,DAMM_PACK_01,140,126,99,103,16,46.27,21.6,RUN,6.84,4
2025-01-01 18:58:00,DAMM_PACK_01,116,103,130,110,20,43.66,62.7,RUN,6.61,1
2025-01-01 18:59:00,DAMM_PACK_01,118,125,130,118,15,42.81,55.0,STARVED,5.47,2
2025-01-01 19:00:00,DAMM_PACK_01,143,110,117,116,13,42.79,71.5,STARVED,6.82,0
2025-01-01 19:01:00,DAMM_PACK_01,105,119,130,98,24,45.87,40.1,RUN,5.73,1
2025-01-01 19:02:00,DAMM_PACK_01,135,145,108,132,15,44.55,38.2,RUN,7.16,1
2025-01-01 19:03:00,DAMM_PACK_01,113,118,127,103,20,41.64,41.5,RUN,6.03,0
2025-01-01 19:04:00,DAMM_PACK_01,139,119,113,114,23,45.96,43.6,STARVED,6.39,0
2025-01-01 19:05:00,DAMM_PACK_01,129,121,119,102,13,42.12,71.3,RUN,7.46,4
2025-01-01 19:06:00,DAMM_PACK_01,133,109,136,102,21,45.28,31.4,RUN,6.85,1
2025-01-01 19:07:00,DAMM_PACK_01,129,112,98,125,24,45.48,42.5,RUN,5.74,0
2025-01-01 19:08:00,DAMM_PACK_01,108,116,122,122,18,46.77,19.2,RUN,5.79,0
2025-01-01 19:09:00,DAMM_PACK_01,93,121,116,113,18,48.56,75.1,RUN,6.08,4
2025-01-01 19:10:00,DAMM_PACK_01,106,112,106,88,11,42.27,80.4,RUN,6.78,4
2025-01-01 19:11:00,DAMM_PACK_01,131,115,149,106,18,44.9,48.5,RUN,6.75,2
2025-01-01 19:12:00,DAMM_PACK_01,120,124,117,129,16,44.45,49.0,RUN,5.91,2
2025-01-01 19:13:00,DAMM_PACK_01,128,104,119,121,23,45.87,64.1,RUN,5.68,1
2025-01-01 19:14:00,DAMM_PACK_01,123,104,104,119,13,45.43,84.5,RUN,6.7,1
2025-01-01 19:15:00,DAMM_PACK_01,113,124,112,118,14,44.29,63.2,RUN,6.37,1
2025-01-01 19:16:00,DAMM_PACK_01,126,126,120,102,19,44.12,41.0,RUN,8.01,5
2025-01-01 19:17:00,DAMM_PACK_01,124,118,126,131,18,42.77,22.6,RUN,6.53,0
2025-01-01 19:18:00,DAMM_PACK_01,107,122,113,121,14,46.98,32.7,RUN,7.77,5
2025-01-01 19:19:00,DAMM_PACK_01,103,116,108,113,19,45.92,56.5,RUN,5.68,1
2025-01-01 19:20:00,DAMM_PACK_01,130,131,106,111,17,46.84,41.9,RUN,5.4,1
2025-01-01 19:21:00,DAMM_PACK_01,122,102,104,123,20,44.38,58.9,RUN,5.72,0
2025-01-01 19:22:00,DAMM_PACK_01,124,121,123,139,17,43.69,43.9,RUN,7.33,1
2025-01-01 19:23:00,DAMM_PACK_01,115,100,113,116,25,42.84,33.8,RUN,7.73,2
2025-01-01 19:24:00,DAMM_PACK_01,122,102,119,135,16,45.72,31.5,RUN,5.95,2
2025-01-01 19:25:00,DAMM_PACK_01,129,119,98,118,20,42.92,86.2,RUN,6.18,0
2025-01-01 19:26:00,DAMM_PACK_01,128,122,98,107,21,48.7,72.8,RUN,5.68,3
2025-01-01 19:27:00,DAMM_PACK_01,147,91,136,136,27,42.38,89.6,RUN,5.23,3
2025-01-01 19:28:00,DAMM_PACK_01,114,124,113,114,14,45.55,65.8,RUN,7.0,3
2025-01-01 19:29:00,DAMM_PACK_01,114,112,125,135,20,48.13,46.4,RUN,6.66,1
2025-01-01 19:30:00,DAMM_PACK_01,118,134,122,115,13,46.2,81.5,RUN,6.51,1
2025-01-01 19:31:00,DAMM_PACK_01,135,121,116,106,16,45.35,54.3,RUN,5.52,2
2025-01-01 19:32:00,DAMM_PACK_01,116,114,106,118,16,43.06,59.4,RUN,7.65,0
2025-01-01 19:33:00,DAMM_PACK_01,126,117,115,116,31,42.24,54.1,RUN,6.15,2
2025-01-01 19:34:00,DAMM_PACK_01,124,125,113,129,25,46.54,0.0,STOP,6.87,2
2025-01-01 19:35:00,DAMM_PACK_01,130,113,125,113,28,48.01,87.1,STOP,5.48,1
2025-01-01 19:36:00,DAMM_PACK_01,123,125,102,121,18,44.12,64.8,RUN,6.37,0
2025-01-01 19:37:00,DAMM_PACK_01,125,124,136,134,20,42.72,61.6,RUN,6.7,3
2025-01-01 19:38:00,DAMM_PACK_01,122,127,118,121,20,40.08,53.8,RUN,6.73,2
2025-01-01 19:39:00,DAMM_PACK_01,122,115,113,135,8,43.04,58.3,RUN,6.61,1
2025-01-01 19:40:00,DAMM_PACK_01,126,110,118,99,18,44.77,43.1,RUN,6.85,1
2025-01-01 19:41:00,DAMM_PACK_01,112,114,103,112,21,48.2,67.3,RUN,5.71,1
2025-01-01 19:42:00,DAMM_PACK_01,120,113,138,119,18,46.35,28.9,STARVED,6.64,0
2025-01-01 19:43:00,DAMM_PACK_01,97,106,131,127,20,45.61,58.7,RUN,6.58,3
2025-01-01 19:44:00,DAMM_PACK_01,130,113,108,123,29,44.2,66.2,RUN,6.66,3
2025-01-01 19:45:00,DAMM_PACK_01,130,103,101,110,22,43.83,51.0,STOP,6.55,2
2025-01-01 19:46:00,DAMM_PACK_01,118,115,106,108,13,47.81,62.4,RUN,5.61,2
2025-01-01 19:47:00,DAMM_PACK_01,114,123,117,110,28,45.4,35.2,STOP,5.58,1
2025-01-01 19:48:00,DAMM_PACK_01,102,123,102,97,20,40.79,35.7,RUN,4.95,6
2025-01-01 19:49:00,DAMM_PACK_01,123,105,116,112,17,43.65,59.7,RUN,7.07,1
2025-01-01 19:50:00,DAMM_PACK_01,125,121,128,125,20,43.28,68.6,RUN,7.08,3
2025-01-01 19:51:00,DAMM_PACK_01,124,115,128,119,15,43.91,17.5,RUN,7.09,1
2025-01-01 19:52:00,DAMM_PACK_01,105,104,119,120,28,46.13,65.4,RUN,6.71,2
2025-01-01 19:53:00,DAMM_PACK_01,132,106,114,124,18,44.79,44.1,RUN,5.01,1
2025-01-01 19:54:00,DAMM_PACK_01,122,108,122,130,24,44.85,51.1,RUN,5.78,0
2025-01-01 19:55:00,DAMM_PACK_01,109,120,121,98,24,47.63,28.2,RUN,6.62,2
2025-01-01 19:56:00,DAMM_PACK_01,115,132,134,116,25,43.61,38.0,RUN,6.59,1
2025-01-01 19:57:00,DAMM_PACK_01,112,113,99,114,14,48.73,74.3,RUN,6.34,2
2025-01-01 19:58:00,DAMM_PACK_01,112,119,126,117,16,43.66,55.7,STOP,6.76,1
2025-01-01 19:59:00,DAMM_PACK_01,134,120,117,120,24,45.18,47.3,RUN,6.51,3
2025-01-01 20:00:00,DAMM_PACK_01,109,115,109,103,18,44.44,52.7,RUN,6.58,1
2025-01-01 20:01:00,DAMM_PACK_01,119,105,133,119,17,45.25,64.8,BLOCKED,6.05,2
2025-01-01 20:02:00,DAMM_PACK_01,106,116,123,113,28,45.89,63.8,STARVED,7.19,3
2025-01-01 20:03:00,DAMM_PACK_01,128,127,99,104,18,45.87,53.5,RUN,6.2,6
2025-01-01 20:04:00,DAMM_PACK_01,118,130,111,119,16,43.49,76.9,RUN,5.57,4
2025-01-01 20:05:00,DAMM_PACK_01,129,117,108,112,23,42.75,74.4,RUN,5.96,2
2025-01-01 20:06:00,DAMM_PACK_01,123,130,109,115,13,50.01,63.3,RUN,6.26,2
2025-01-01 20:07:00,DAMM_PACK_01,128,111,103,110,22,44.03,56.1,RUN,7.2,0
2025-01-01 20:08:00,DAMM_PACK_01,147,152,119,107,23,46.4,68.1,RUN,6.47,2
2025-01-01 20:09:00,DAMM_PACK_01,97,125,112,109,23,41.78,61.3,RUN,6.37,4
2025-01-01 20:10:00,DAMM_PACK_01,112,115,133,111,15,44.44,76.2,RUN,5.63,1
2025-01-01 20:11:00,DAMM_PACK_01,137,120,112,121,17,44.75,73.0,BLOCKED,7.05,2
2025-01-01 20:12:00,DAMM_PACK_01,112,124,104,119,27,45.95,34.6,RUN,6.04,1
2025-01-01 20:13:00,DAMM_PACK_01,118,100,112,108,23,39.56,33.3,RUN,6.43,3
2025-01-01 20:14:00,DAMM_PACK_01,99,111,108,114,26,45.33,41.0,RUN,7.54,4
2025-01-01 20:15:00,DAMM_PACK_01,88,116,103,118,22,42.7,74.5,BLOCKED,6.86,1
2025-01-01 20:16:00,DAMM_PACK_01,137,114,121,119,15,45.65,23.5,RUN,5.36,1
2025-01-01 20:17:00,DAMM_PACK_01,121,121,119,118,18,42.93,62.9,RUN,5.26,2
2025-01-01 20:18:00,DAMM_PACK_01,115,114,122,101,20,43.29,62.3,STARVED,6.45,3
2025-01-01 20:19:00,DAMM_PACK_01,141,116,131,109,16,44.45,78.3,RUN,5.65,1
2025-01-01 20:20:00,DAMM_PACK_01,117,129,123,114,21,42.9,58.6,RUN,6.95,3
2025-01-01 20:21:00,DAMM_PACK_01,112,121,113,110,23,44.05,28.1,STOP,6.53,5
2025-01-01 20:22:00,DAMM_PACK_01,109,128,118,120,23,42.61,35.8,BLOCKED,6.62,4
2025-01-01 20:23:00,DAMM_PACK_01,119,130,127,124,17,41.33,31.4,RUN,6.01,1
2025-01-01 20:24:00,DAMM_PACK_01,123,128,123,120,14,47.04,44.2,RUN,7.72,2
2025-01-01 20:25:00,DAMM_PACK_01,104,115,119,112,25,42.41,51.3,RUN,8.49,1
2025-01-01 20:26:00,DAMM_PACK_01,110,119,122,127,24,44.64,31.7,RUN,6.3,2
2025-01-01 20:27:00,DAMM_PACK_01,133,108,128,108,14,46.51,84.4,RUN,6.75,1
2025-01-01 20:28:00,DAMM_PACK_01,121,120,119,111,19,43.77,28.5,RUN,6.57,1
2025-01-01 20:29:00,DAMM_PACK_01,134,96,113,109,13,43.35,81.9,RUN,6.32,5
2025-01-01 20:30:00,DAMM_PACK_01,99,127,116,134,11,45.45,78.7,RUN,5.92,1
2025-01-01 20:31:00,DAMM_PACK_01,121,109,137,123,18,47.24,73.0,RUN,5.74,3
2025-01-01 20:32:00,DAMM_PACK_01,119,99,122,120,27,42.66,41.1,RUN,5.71,3
2025-01-01 20:33:00,DAMM_PACK_01,133,106,100,109,23,44.7,61.8,RUN,6.78,4
2025-01-01 20:34:00,DAMM_PACK_01,119,108,124,116,22,41.54,29.5,RUN,6.14,7
2025-01-01 20:35:00,DAMM_PACK_01,125,94,130,109,28,44.21,73.2,RUN,4.7,2
2025-01-01 20:36:00,DAMM_PACK_01,98,118,99,98,24,45.07,53.5,RUN,6.81,4
2025-01-01 20:37:00,DAMM_PACK_01,131,114,108,108,12,43.29,46.8,RUN,6.47,2
2025-01-01 20:38:00,DAMM_PACK_01,109,105,126,100,14,44.09,30.5,RUN,7.44,2
2025-01-01 20:39:00,DAMM_PACK_01,108,96,129,108,24,42.18,5.4,RUN,6.76,2
2025-01-01 20:40:00,DAMM_PACK_01,129,120,120,115,19,45.15,34.2,RUN,5.46,1
2025-01-01 20:41:00,DAMM_PACK_01,110,133,112,116,25,47.11,77.3,RUN,4.94,1
2025-01-01 20:42:00,DAMM_PACK_01,135,146,116,118,16,42.81,46.9,RUN,6.0,6
2025-01-01 20:43:00,DAMM_PACK_01,111,101,138,111,15,43.75,51.6,RUN,6.06,2
2025-01-01 20:44:00,DAMM_PACK_01,84,107,105,112,19,46.01,68.1,BLOCKED,7.16,1
2025-01-01 20:45:00,DAMM_PACK_01,119,123,140,115,25,47.42,91.1,RUN,6.49,1
2025-01-01 20:46:00,DAMM_PACK_01,121,141,105,100,14,42.01,81.5,RUN,7.29,6
2025-01-01 20:47:00,DAMM_PACK_01,104,111,119,124,18,44.66,35.6,RUN,5.57,4
2025-01-01 20:48:00,DAMM_PACK_01,132,106,123,103,15,45.57,16.1,RUN,7.18,2
2025-01-01 20:49:00,DAMM_PACK_01,110,103,110,115,21,44.8,100.0,RUN,7.0,1
2025-01-01 20:50:00,DAMM_PACK_01,113,109,111,113,21,40.05,100.0,RUN,5.09,2
2025-01-01 20:51:00,DAMM_PACK_01,122,142,129,141,13,46.0,58.8,RUN,7.43,0
2025-01-01 20:52:00,DAMM_PACK_01,130,114,110,127,15,48.04,29.6,RUN,6.57,0
2025-01-01 20:53:00,DAMM_PACK_01,138,99,105,89,10,45.23,74.3,RUN,6.77,5
2025-01-01 20:54:00,DAMM_PACK_01,107,123,132,118,22,42.94,52.8,RUN,5.89,0
2025-01-01 20:55:00,DAMM_PACK_01,130,115,102,129,20,43.97,52.7,RUN,7.39,0
2025-01-01 20:56:00,DAMM_PACK_01,133,115,121,106,16,48.54,72.9,RUN,5.67,4
2025-01-01 20:57:00,DAMM_PACK_01,106,113,115,135,20,46.82,61.7,RUN,7.08,1
2025-01-01 20:58:00,DAMM_PACK_01,109,121,125,125,20,46.28,31.3,RUN,7.07,2
2025-01-01 20:59:00,DAMM_PACK_01,125,112,112,116,14,45.71,48.5,RUN,5.82,3
2025-01-01 21:00:00,DAMM_PACK_01,118,109,117,108,17,43.68,68.2,BLOCKED,7.89,3
2025-01-01 21:01:00,DAMM_PACK_01,131,106,139,83,23,44.6,65.2,RUN,6.66,2
2025-01-01 21:02:00,DAMM_PACK_01,124,124,130,131,28,44.84,60.2,RUN,6.96,5
2025-01-01 21:03:00,DAMM_PACK_01,135,117,129,114,18,46.1,73.7,RUN,5.43,3
2025-01-01 21:04:00,DAMM_PACK_01,108,98,114,112,20,48.02,47.8,RUN,7.98,0
2025-01-01 21:05:00,DAMM_PACK_01,122,113,116,126,10,47.24,58.6,RUN,5.64,5
2025-01-01 21:06:00,DAMM_PACK_01,127,132,145,123,16,42.16,0.0,RUN,7.22,2
2025-01-01 21:07:00,DAMM_PACK_01,101,109,100,111,21,45.45,46.0,STARVED,5.8,3
2025-01-01 21:08:00,DAMM_PACK_01,109,115,94,111,19,46.47,70.3,RUN,6.07,1
2025-01-01 21:09:00,DAMM_PACK_01,131,107,107,110,25,46.24,47.2,RUN,7.05,2
2025-01-01 21:10:00,DAMM_PACK_01,127,113,115,113,17,43.74,45.7,RUN,7.22,0
2025-01-01 21:11:00,DAMM_PACK_01,119,115,125,107,24,50.83,34.2,RUN,5.61,2
2025-01-01 21:12:00,DAMM_PACK_01,119,130,112,114,22,42.45,75.1,RUN,7.26,1
2025-01-01 21:13:00,DAMM_PACK_01,120,132,126,116,17,42.83,66.0,RUN,7.23,2
2025-01-01 21:14:00,DAMM_PACK_01,115,124,116,116,21,45.47,71.5,RUN,5.84,3
2025-01-01 21:15:00,DAMM_PACK_01,127,115,130,109,15,49.23,20.5,RUN,7.62,2
2025-01-01 21:16:00,DAMM_PACK_01,103,115,116,137,20,43.33,51.8,RUN,5.48,2
2025-01-01 21:17:00,DAMM_PACK_01,106,124,107,118,13,44.47,49.4,RUN,6.06,1
2025-01-01 21:18:00,DAMM_PACK_01,118,104,106,110,20,47.15,49.4,RUN,6.84,2
2025-01-01 21:19:00,DAMM_PACK_01,125,108,123,102,32,44.96,42.7,RUN,5.9,2
2025-01-01 21:20:00,DAMM_PACK_01,115,123,137,103,26,44.33,48.1,STARVED,6.68,4
2025-01-01 21:21:00,DAMM_PACK_01,119,115,117,107,18,46.13,72.0,RUN,6.67,1
2025-01-01 21:22:00,DAMM_PACK_01,124,121,134,138,26,45.55,16.7,STOP,6.37,3
2025-01-01 21:23:00,DAMM_PACK_01,126,106,113,117,20,47.06,90.5,RUN,7.08,1
2025-01-01 21:24:00,DAMM_PACK_01,126,120,135,110,24,47.58,64.7,RUN,6.34,2
2025-01-01 21:25:00,DAMM_PACK_01,108,108,102,137,23,45.61,54.2,RUN,6.66,2
2025-01-01 21:26:00,DAMM_PACK_01,111,128,134,131,18,45.58,73.1,STOP,7.3,0
2025-01-01 21:27:00,DAMM_PACK_01,113,110,114,121,14,45.43,26.0,RUN,7.05,1
2025-01-01 21:28:00,DAMM_PACK_01,126,120,120,113,23,45.98,41.7,RUN,7.05,3
2025-01-01 21:29:00,DAMM_PACK_01,114,126,108,113,20,45.11,52.6,RUN,5.7,3
2025-01-01 21:30:00,DAMM_PACK_01,134,118,134,107,24,45.0,82.3,STOP,6.87,2
2025-01-01 21:31:00,DAMM_PACK_01,130,110,121,117,18,47.39,54.1,STARVED,5.89,1
2025-01-01 21:32:00,DAMM_PACK_01,112,121,134,125,25,48.03,64.0,BLOCKED,5.6,1
2025-01-01 21:33:00,DAMM_PACK_01,125,111,144,121,23,41.98,43.2,BLOCKED,6.45,0
2025-01-01 21:34:00,DAMM_PACK_01,104,118,118,115,16,45.02,64.7,RUN,5.87,1
2025-01-01 21:35:00,DAMM_PACK_01,119,126,114,113,12,43.62,88.5,RUN,7.05,2
2025-01-01 21:36:00,DAMM_PACK_01,121,121,119,144,23,44.38,74.9,RUN,7.07,0
2025-01-01 21:37:00,DAMM_PACK_01,117,106,117,124,21,45.81,53.4,RUN,5.17,3
2025-01-01 21:38:00,DAMM_PACK_01,113,101,121,111,13,46.34,68.5,STOP,5.92,2
2025-01-01 21:39:00,DAMM_PACK_01,113,120,130,113,25,44.78,66.6,STOP,5.48,4
2025-01-01 21:40:00,DAMM_PACK_01,129,119,106,117,21,41.17,65.1,RUN,6.18,1
2025-01-01 21:41:00,DAMM_PACK_01,128,107,126,102,18,43.07,77.2,RUN,6.82,4
2025-01-01 21:42:00,DAMM_PACK_01,132,132,126,104,23,46.79,77.1,STARVED,6.33,2
2025-01-01 21:43:00,DAMM_PACK_01,134,134,111,136,19,39.52,52.5,RUN,6.09,1
2025-01-01 21:44:00,DAMM_PACK_01,127,129,107,121,17,47.37,67.8,RUN,7.41,5
2025-01-01 21:45:00,DAMM_PACK_01,103,120,104,133,19,46.04,47.3,RUN,4.89,5
2025-01-01 21:46:00,DAMM_PACK_01,113,110,116,125,15,47.63,36.5,RUN,7.37,2
2025-01-01 21:47:00,DAMM_PACK_01,113,109,137,129,17,44.6,49.6,RUN,6.12,2
2025-01-01 21:48:00,DAMM_PACK_01,128,120,117,108,17,40.88,53.5,RUN,6.45,3
2025-01-01 21:49:00,DAMM_PACK_01,137,116,128,108,17,45.86,21.8,RUN,6.13,3
2025-01-01 21:50:00,DAMM_PACK_01,125,99,111,84,26,47.55,72.2,BLOCKED,7.58,2
2025-01-01 21:51:00,DAMM_PACK_01,136,106,108,109,17,46.85,0.0,RUN,5.64,3
2025-01-01 21:52:00,DAMM_PACK_01,101,108,109,107,26,43.67,100.0,RUN,6.51,2
2025-01-01 21:53:00,DAMM_PACK_01,130,115,108,118,20,45.17,85.0,BLOCKED,6.87,0
2025-01-01 21:54:00,DAMM_PACK_01,133,123,130,114,11,43.93,49.8,RUN,5.37,2
2025-01-01 21:55:00,DAMM_PACK_01,123,139,114,101,13,43.36,55.2,RUN,5.86,4
2025-01-01 21:56:00,DAMM_PACK_01,103,117,107,122,23,46.91,61.1,RUN,6.4,0
2025-01-01 21:57:00,DAMM_PACK_01,125,123,110,123,17,42.6,43.2,RUN,5.88,4
2025-01-01 21:58:00,DAMM_PACK_01,135,125,113,133,17,43.21,58.9,RUN,5.93,0
2025-01-01 21:59:00,DAMM_PACK_01,120,133,121,137,20,42.79,52.1,RUN,6.26,2
2025-01-01 22:00:00,DAMM_PACK_01,114,109,138,128,19,42.02,53.1,RUN,6.95,0
2025-01-01 22:01:00,DAMM_PACK_01,129,110,107,122,18,45.29,58.6,RUN,6.26,1
2025-01-01 22:02:00,DAMM_PACK_01,136,104,121,139,16,47.32,28.7,RUN,7.25,2
2025-01-01 22:03:00,DAMM_PACK_01,123,118,114,119,17,44.63,55.8,RUN,5.8,1
2025-01-01 22:04:00,DAMM_PACK_01,123,109,123,136,17,41.99,58.3,RUN,5.62,4
2025-01-01 22:05:00,DAMM_PACK_01,111,127,111,116,11,46.68,57.6,STARVED,7.85,2
2025-01-01 22:06:00,DAMM_PACK_01,104,115,115,126,25,48.37,50.7,RUN,6.04,0
2025-01-01 22:07:00,DAMM_PACK_01,120,139,141,133,17,43.71,77.8,RUN,5.58,1
2025-01-01 22:08:00,DAMM_PACK_01,145,128,111,95,21,44.04,47.9,RUN,5.28,4
2025-01-01 22:09:00,DAMM_PACK_01,128,115,117,117,23,46.03,59.5,RUN,7.25,6
2025-01-01 22:10:00,DAMM_PACK_01,124,123,123,129,20,48.24,80.9,RUN,6.26,1
2025-01-01 22:11:00,DAMM_PACK_01,112,120,119,99,21,43.96,53.4,STOP,6.32,3
2025-01-01 22:12:00,DAMM_PACK_01,119,118,103,117,17,42.34,59.3,RUN,6.39,2
2025-01-01 22:13:00,DAMM_PACK_01,106,116,132,132,16,46.26,53.1,RUN,7.21,0
2025-01-01 22:14:00,DAMM_PACK_01,119,126,125,113,19,46.6,79.7,RUN,6.37,4
2025-01-01 22:15:00,DAMM_PACK_01,123,115,115,112,14,45.01,49.8,RUN,8.14,3
2025-01-01 22:16:00,DAMM_PACK_01,110,107,128,115,19,43.88,80.7,RUN,6.59,0
2025-01-01 22:17:00,DAMM_PACK_01,110,135,118,136,28,46.99,52.9,RUN,7.24,0
2025-01-01 22:18:00,DAMM_PACK_01,104,126,118,124,17,46.06,37.8,RUN,7.06,2
2025-01-01 22:19:00,DAMM_PACK_01,131,131,142,116,16,43.46,68.6,RUN,6.47,3
2025-01-01 22:20:00,DAMM_PACK_01,120,144,110,111,16,45.1,48.9,RUN,6.09,2
2025-01-01 22:21:00,DAMM_PACK_01,141,113,129,122,18,42.3,67.4,RUN,6.73,2
2025-01-01 22:22:00,DAMM_PACK_01,102,118,122,116,26,46.37,0.4,RUN,6.86,1
2025-01-01 22:23:00,DAMM_PACK_01,104,109,106,116,13,44.48,55.1,RUN,6.1,3
2025-01-01 22:24:00,DAMM_PACK_01,120,111,95,106,12,44.13,45.8,RUN,6.62,3
2025-01-01 22:25:00,DAMM_PACK_01,120,131,118,108,14,44.93,33.7,RUN,7.37,1
2025-01-01 22:26:00,DAMM_PACK_01,112,105,125,125,17,45.08,43.9,RUN,7.95,1
2025-01-01 22:27:00,DAMM_PACK_01,117,141,126,107,24,46.79,43.5,RUN,7.1,2
2025-01-01 22:28:00,DAMM_PACK_01,137,112,106,125,21,46.18,54.0,RUN,7.8,3
2025-01-01 22:29:00,DAMM_PACK_01,123,123,138,114,15,44.69,27.7,BLOCKED,6.06,2
2025-01-01 22:30:00,DAMM_PACK_01,131,103,129,122,16,46.53,61.3,STARVED,6.99,2
2025-01-01 22:31:00,DAMM_PACK_01,124,112,115,127,19,45.8,82.3,STOP,7.44,1
2025-01-01 22:32:00,DAMM_PACK_01,112,126,104,109,20,44.15,60.6,STARVED,5.87,4
2025-01-01 22:33:00,DAMM_PACK_01,123,141,140,103,14,44.75,71.2,RUN,6.16,1
2025-01-01 22:34:00,DAMM_PACK_01,104,131,108,110,13,44.7,76.9,RUN,7.72,0
2025-01-01 22:35:00,DAMM_PACK_01,119,125,137,121,22,46.01,79.7,RUN,5.82,3
2025-01-01 22:36:00,DAMM_PACK_01,105,124,122,123,16,44.27,92.4,RUN,5.56,0
2025-01-01 22:37:00,DAMM_PACK_01,128,132,112,109,18,44.22,45.0,STOP,7.57,2
2025-01-01 22:38:00,DAMM_PACK_01,101,117,89,113,21,48.94,40.6,RUN,7.34,3
2025-01-01 22:39:00,DAMM_PACK_01,142,114,129,123,22,46.88,70.7,BLOCKED,6.8,3
